line,datetime,bus,vehicleId,destination,direction,stop,estimateArrive,DistanceBus,lat,lon
18,2026-08-18T10:59:49.854520,LF75OOH,LF75OOH,Sudbury,2,4900020147W,1408,7040.0,51.52522,-0.13671
18,2026-08-18T10:59:49.854520,LF75OPL,LF75OPL,Sudbury,2,490006871N,401,2005.0,51.54843,-0.27887
18,2026-08-18T10:59:49.854520,LF75ORL,LF75ORL,Sudbury,2,490005491W,1346,6730.0,51.53231,-0.23612
18,2026-08-18T10:59:49.854520,LF75OOV,LF75OOV,Sudbury,2,490012847W,1084,5420.0,51.54252,-0.26748
18,2026-08-18T10:59:49.854520,LF75OOA,LF75OOA,Euston,1,490013826G,273,1365.0,51.53438,-0.24225
18,2026-08-18T10:59:49.854520,LF75ONL,LF75ONL,Euston,1,490006832E,1231,6155.0,51.52716,-0.21291
18,2026-08-18T10:59:49.854520,LF75ONW,LF75ONW,Euston,1,490003444E,993,4965.0,51.5247,-0.20251
18,2026-08-18T10:59:49.854520,LF75OPG,LF75OPG,Euston,1,490000071E,360,1800.0,51.52023,-0.169
18,2026-08-18T10:59:49.854520,LF75ORH,LF75ORH,Euston,1,490005491E,1089,5445.0,51.53243,-0.2362
18,2026-08-18T10:59:49.854520,LF75OPR,LF75OPR,Euston,1,490010713E,1357,6785.0,51.52013,-0.17151
18,2026-08-18T10:59:49.854520,LF75OPK,LF75OPK,Euston,1,490005491E,1323,6615.0,51.53243,-0.2362
18,2026-08-18T10:59:49.854520,LF75OPR,LF75OPR,Euston,1,490000196C,1042,5210.0,51.51991,-0.18942
18,2026-08-18T10:59:49.854520,LF75OPJ,LF75OPJ,Sudbury,2,490000077H,1588,7940.0,51.52651,-0.13289
18,2026-08-18T10:59:49.854520,LF75OPY,LF75OPY,Sudbury,2,490006299B,236,1180.0,51.55221,-0.30153
18,2026-08-18T10:59:49.854520,LF75OPA,LF75OPA,Euston,1,490008865E,1017,5085.0,51.54141,-0.25779
18,2026-08-18T10:59:49.854520,LF75OPK,LF75OPK,Euston,1,490005720E,768,3840.0,51.54073,-0.25526
18,2026-08-18T10:59:49.854520,LF75ONH,LF75ONH,Sudbury,2,490007666W,326,1630.0,51.52633,-0.20684
18,2026-08-18T10:59:49.854520,LF75OPN,LF75OPN,Sudbury,2,490014962W,62,310.0,51.53211,-0.23317
18,2026-08-18T10:59:49.854520,LF75ONV,LF75ONV,Sudbury,2,490009981N,428,2140.0,51.54594,-0.27352
18,2026-08-18T10:59:49.854520,LF75OPN,LF75OPN,Sudbury,2,490005720W,717,3585.0,51.54028,-0.25437
18,2026-08-18T10:59:49.854520,LF75ONH,LF75ONH,Sudbury,2,490008865W,1558,7790.0,51.54129,-0.25774
18,2026-08-18T10:59:49.854520,LF75ONH,LF75ONH,Sudbury,2,490014962W,801,4005.0,51.53211,-0.23317
18,2026-08-18T10:59:49.854520,LF75OPS,LF75OPS,Sudbury,2,490004335F,745,3725.0,51.55237,-0.31282
18,2026-08-18T10:59:49.854520,LF75ORL,LF75ORL,Sudbury,2,490015057H,1411,7055.0,51.53289,-0.24019
18,2026-08-18T10:59:49.854520,LF75ONV,LF75ONV,Sudbury,2,490014378M,786,3930.0,51.55351,-0.2918
18,2026-08-18T10:59:49.854520,LF75OOH,LF75OOH,Sudbury,2,490000011E,1836,9180.0,51.52222,-0.15626
18,2026-08-18T10:59:49.854520,LF75OPC,LF75OPC,Sudbury,2,490000122W,477,2385.0,51.52984,-0.22353
18,2026-08-18T10:59:49.854520,LF75OPR,LF75OPR,Euston,1,490005320E,954,4770.0,51.52088,-0.19182
18,2026-08-18T10:59:49.854520,LF75OOV,LF75OOV,Sudbury,2,490005491W,313,1565.0,51.53231,-0.23612
18,2026-08-18T10:59:49.854520,LF75OPA,LF75OPA,Euston,1,490010337D,594,2970.0,51.54555,-0.27298
18,2026-08-18T10:59:49.854520,LF75OPV,LF75OPV,Euston,1,490005583E,913,4565.0,51.55196,-0.305
18,2026-08-18T10:59:49.854520,LF75ONH,LF75ONH,Sudbury,2,490008187F,1099,5495.0,51.53574,-0.24445
18,2026-08-18T10:59:49.854520,LF75OOY,LF75OOY,Euston,1,490000078Q,1251,6255.0,51.5256,-0.13685
18,2026-08-18T10:59:49.854520,LF75OPV,LF75OPV,Euston,1,490012847E,1779,8895.0,51.56001,-0.26468
18,2026-08-18T10:59:49.854520,LF75ONW,LF75ONW,Euston,1,490012788E,412,2060.0,51.53064,-0.22896
18,2026-08-18T10:59:49.854520,LF75OPV,LF75OPV,Euston,1,490003597G,780,3900.0,51.55384,-0.31436
18,2026-08-18T10:59:49.854520,LF75ONM,LF75ONM,Euston,1,490000077AZ,1101,5505.0,51.52666,-0.1329
18,2026-08-18T10:59:49.854520,LF75ORL,LF75ORL,Sudbury,2,490010713F,44,220.0,51.51978,-0.17164
18,2026-08-18T10:59:49.854520,LF75OPG,LF75OPG,Euston,1,490000011D,732,3660.0,51.52242,-0.15628
18,2026-08-18T10:59:49.854520,LF75ONP,LF75ONP,Sudbury,2,490014962W,1785,8925.0,51.53211,-0.23317
18,2026-08-18T10:59:49.854520,LF75OOA,LF75OOA,Euston,1,490013613E,1026,5130.0,51.52675,-0.20902
18,2026-08-18T10:59:49.854520,LF75ONV,LF75ONV,Sudbury,2,490001282N,1150,5750.0,51.554166,-0.314914
18,2026-08-18T10:59:49.854520,LF75ONV,LF75ONV,Sudbury,2,490006871N,513,2565.0,51.54843,-0.27887
18,2026-08-18T10:59:49.854520,LF75OPL,LF75OPL,Sudbury,2,490001282N,1022,5110.0,51.554166,-0.314914
18,2026-08-18T10:59:49.854520,LF75OOE,LF75OOE,Sudbury,2,490000256H,318,1590.0,51.55224,-0.29779
18,2026-08-18T10:59:49.854520,LF75ORC,LF75ORC,Euston,1,490005720E,1367,6835.0,51.54073,-0.25526
18,2026-08-18T10:59:49.854520,LF75OPV,LF75OPV,Euston,1,490005452E,1716,8580.0,51.54301,-0.26931
18,2026-08-18T10:59:49.854520,LF75OPM,LF75OPM,Euston,1,490000191A,1576,7880.0,51.52376,-0.14703
18,2026-08-18T10:59:49.854520,LF75OPY,LF75OPY,Sudbury,2,490001282N,360,1800.0,51.554166,-0.314914
18,2026-08-18T10:59:49.854520,LF75ORA,LF75ORA,Euston,1,490005584K,905,4525.0,51.55365,-0.29214
18,2026-08-18T10:59:49.854520,LF75ORC,LF75ORC,Euston,1,490014315N1,760,3800.0,51.55263,-0.28485
18,2026-08-18T10:59:49.854520,LF75ONL,LF75ONL,Euston,1,490012803E,305,1525.0,51.53919,-0.25126
18,2026-08-18T10:59:49.854520,LF75OOY,LF75OOY,Euston,1,490010713E,318,1590.0,51.52013,-0.17151
18,2026-08-18T10:59:49.854520,LF75OOA,LF75OOA,Euston,1,490005720E,78,390.0,51.54073,-0.25526
18,2026-08-18T10:59:49.854520,LF75ONP,LF75ONP,Sudbury,2,490010567H,542,2710.0,51.5205,-0.16651
18,2026-08-18T10:59:49.854520,LF75ONU,LF75ONU,Sudbury,2,490005320W,1564,7820.0,51.52093,-0.19214
18,2026-08-18T10:59:49.854520,LF75ONL,LF75ONL,Euston,1,490003444E,1470,7350.0,51.5247,-0.20251
18,2026-08-18T10:59:49.854520,LF75ONJ,LF75ONJ,Sudbury,2,490009981N,856,4280.0,51.54594,-0.27352
18,2026-08-18T10:59:49.854520,LF75OPD,LF75OPD,Euston,1,490014315N1,1661,8305.0,51.55263,-0.28485
18,2026-08-18T10:59:49.854520,LF75OPM,LF75OPM,Euston,1,490010713E,779,3895.0,51.52013,-0.17151
18,2026-08-18T10:59:49.854520,LF75ONP,LF75ONP,Sudbury,2,490004039S,695,3475.0,51.51973,-0.17842
18,2026-08-18T10:59:49.854520,LF75ONV,LF75ONV,Sudbury,2,490008865W,72,360.0,51.54129,-0.25774
18,2026-08-18T10:59:49.854520,LF75OPX,LF75OPX,Sudbury,2,490015040Z,1619,8095.0,51.52184,-0.15871
18,2026-08-18T10:59:49.854520,LF75ONP,LF75ONP,Sudbury,2,490007666W,1287,6435.0,51.52633,-0.20684
18,2026-08-18T10:59:49.854520,LF75ORK,LF75ORK,Sudbury,2,490015502P,1370,6850.0,51.52152,-0.16039
18,2026-08-18T10:59:49.854520,LF75OOU,LF75OOU,Sudbury,2,490000011E,602,3010.0,51.52222,-0.15626
18,2026-08-18T10:59:49.854520,LF75ORL,LF75ORL,Sudbury,2,490007666W,762,3810.0,51.52633,-0.20684
18,2026-08-18T10:59:49.854520,LF75OPD,LF75OPD,Euston,1,490003597G,1072,5360.0,51.55384,-0.31436
18,2026-08-18T10:59:49.854520,LF75OOU,LF75OOU,Sudbury,2,490000072W,901,4505.0,51.51991,-0.16895
18,2026-08-18T10:59:49.854520,LF75ONV,LF75ONV,Sudbury,2,490012847W,223,1115.0,51.54252,-0.26748
18,2026-08-18T10:59:49.854520,LF75ONH,LF75ONH,Sudbury,2,490007865H,98,490.0,51.52378,-0.20031
18,2026-08-18T10:59:49.854520,LF75OPA,LF75OPA,Euston,1,490013826G,1443,7215.0,51.53438,-0.24225
18,2026-08-18T10:59:49.854520,LF75OOY,LF75OOY,Euston,1,490014250E,239,1195.0,51.52042,-0.17928
18,2026-08-18T10:59:49.854520,LF75ONP,LF75ONP,Sudbury,2,490003444W,1205,6025.0,51.52481,-0.20289
18,2026-08-18T10:59:49.854520,LF75OPM,LF75OPM,Euston,1,490000078Q,1788,8940.0,51.5256,-0.13685
18,2026-08-18T10:59:49.854520,LF75ONP,LF75ONP,Sudbury,2,490005320W,897,4485.0,51.52093,-0.19214
18,2026-08-18T10:59:49.854520,LF75ONV,LF75ONV,Sudbury,2,490015558W2,759,3795.0,51.55365,-0.28999
18,2026-08-18T10:59:49.854520,LF75ONV,LF75ONV,Sudbury,2,490005583W,1091,5455.0,51.55157,-0.30754
18,2026-08-18T10:59:49.854520,LF75ORA,LF75ORA,Euston,1,490012803E,1774,8870.0,51.53919,-0.25126
18,2026-08-18T10:59:49.854520,LF75OPK,LF75OPK,Euston,1,490014315N1,158,790.0,51.55263,-0.28485
18,2026-08-18T10:59:49.854520,LF75ONU,LF75ONU,Sudbury,2,490000011E,902,4510.0,51.52222,-0.15626
18,2026-08-18T10:59:49.854520,LF75OPT,LF75OPT,Sudbury,2,490005720W,1636,8180.0,51.54028,-0.25437
18,2026-08-18T10:59:49.854520,LF75ONL,LF75ONL,Euston,1,490014076E,925,4625.0,51.53138,-0.23133
18,2026-08-18T10:59:49.854520,LF75OPN,LF75OPN,Sudbury,2,490006299B,1713,8565.0,51.55221,-0.30153
18,2026-08-18T10:59:49.854520,LF75OPK,LF75OPK,Euston,1,490010337D,422,2110.0,51.54555,-0.27298
18,2026-08-18T10:59:49.854520,LF75OPR,LF75OPR,Euston,1,490014250E,1224,6120.0,51.52042,-0.17928
18,2026-08-18T10:59:49.854520,LF75OPU,LF75OPU,Euston,1,490000191A,547,2735.0,51.52376,-0.14703
18,2026-08-18T10:59:49.854520,LF75OPY,LF75OPY,Sudbury,2,490014378M,28,140.0,51.55351,-0.2918
18,2026-08-18T10:59:49.854520,LF75OPY,LF75OPY,Sudbury,2,490000256H,157,785.0,51.55224,-0.29779
18,2026-08-18T10:59:49.854520,LF75ONL,LF75ONL,Euston,1,490011135E,1381,6905.0,51.52571,-0.20437
18,2026-08-18T10:59:49.854520,LF75OOE,LF75OOE,Sudbury,2,490006299B,377,1885.0,51.55221,-0.30153
18,2026-08-18T10:59:49.854520,LF75OPC,LF75OPC,Sudbury,2,490014700W,402,2010.0,51.52841,-0.21747
18,2026-08-18T10:59:49.854520,LF75ORK,LF75ORK,Sudbury,2,490014552W,1659,8295.0,51.51982,-0.17555
18,2026-08-18T10:59:49.854520,LF75OPX,LF75OPX,Sudbury,2,490000077E,782,3910.0,51.52777,-0.1317
18,2026-08-18T10:59:49.854520,LF75OPT,LF75OPT,Sudbury,2,490000196W,32,160.0,51.51959,-0.18938
18,2026-08-18T10:59:49.854520,LF75OPN,LF75OPN,Sudbury,2,490014315N2,1318,6590.0,51.55267,-0.28517
18,2026-08-18T10:59:49.854520,LF75OPT,LF75OPT,Sudbury,2,490012788W,823,4115.0,51.53009,-0.22727
18,2026-08-18T10:59:49.854520,LF75OOA,LF75OOA,Euston,1,490005320E,1634,8170.0,51.52088,-0.19182
18,2026-08-18T10:59:49.854520,LF75OOE,LF75OOE,Sudbury,2,490004335F,498,2490.0,51.55237,-0.31282
18,2026-08-18T10:59:49.854520,LF75OPD,LF75OPD,Sudbury,2,490006299B,166,830.0,51.55221,-0.30153
18,2026-08-18T10:59:49.854520,LF75OPT,LF75OPT,Sudbury,2,490005320W,74,370.0,51.52093,-0.19214
18,2026-08-18T10:59:49.854520,LF75ONP,LF75ONP,Sudbury,2,490014700W,1531,7655.0,51.52841,-0.21747
18,2026-08-18T10:59:49.854520,LF75OPA,LF75OPA,Euston,1,490012847E,873,4365.0,51.56001,-0.26468
18,2026-08-18T10:59:49.854520,LF75ORA,LF75ORA,Euston,1,490000256F,803,4015.0,51.55243,-0.29755
18,2026-08-18T10:59:49.854520,LF75ONU,LF75ONU,Sudbury,2,490000252V,576,2880.0,51.52458,-0.13919
18,2026-08-18T10:59:49.854520,LF75OPG,LF75OPG,Euston,1,490014250E,100,500.0,51.52042,-0.17928
18,2026-08-18T10:59:49.854520,LF75ONH,LF75ONH,Sudbury,2,490005491W,875,4375.0,51.53231,-0.23612
18,2026-08-18T10:59:49.854520,LF75ONJ,LF75ONJ,Sudbury,2,490013797N,1005,5025.0,51.55025,-0.28209
18,2026-08-18T10:59:49.854520,LF75OPM,LF75OPM,Euston,1,490005320E,517,2585.0,51.52088,-0.19182
18,2026-08-18T10:59:49.854520,LF75OOU,LF75OOU,Sudbury,2,490000091G,506,2530.0,51.5239,-0.14387
18,2026-08-18T10:59:49.854520,LF75OPJ,LF75OPJ,Sudbury,2,490000252V,1799,8995.0,51.52458,-0.13919
18,2026-08-18T10:59:49.854520,LF75OPY,LF75OPY,Euston,1,490013363E,1441,7205.0,51.55189,-0.31017
18,2026-08-18T10:59:49.854520,LF75OPC,LF75OPC,Sudbury,2,490012847W,1491,7455.0,51.54252,-0.26748
18,2026-08-18T10:59:49.854520,LF75ONP,LF75ONP,Sudbury,2,490000191B,63,315.0,51.52362,-0.14661
18,2026-08-18T10:59:49.854520,LF75OOV,LF75OOV,Sudbury,2,490008187F,541,2705.0,51.53574,-0.24445
18,2026-08-18T10:59:49.854520,LF75ONH,LF75ONH,Sudbury,2,490008711V,467,2335.0,51.52748,-0.21496
18,2026-08-18T10:59:49.854520,LF75ONW,LF75ONW,Euston,1,490007865E,1162,5810.0,51.52364,-0.19862
18,2026-08-18T10:59:49.854520,LF75OPJ,LF75OPJ,Sudbury,2,490000077E,1382,6910.0,51.52777,-0.1317
18,2026-08-18T10:59:49.854520,LF75OPK,LF75OPK,Euston,1,490005452E,514,2570.0,51.54301,-0.26931
18,2026-08-18T10:59:49.854520,LF75OOA,LF75OOA,Euston,1,490006832E,925,4625.0,51.52716,-0.21291
18,2026-08-18T10:59:49.854520,LF75OOU,LF75OOU,Sudbury,2,490006832W,1696,8480.0,51.52691,-0.21148
18,2026-08-18T10:59:49.854520,LF75OPK,LF75OPK,Euston,1,490012848E,658,3290.0,51.54125,-0.26051
18,2026-08-18T10:59:49.854520,LF75OOA,LF75OOA,Euston,1,490005491E,629,3145.0,51.53243,-0.2362
18,2026-08-18T10:59:49.854520,LF75ORL,LF75ORL,Sudbury,2,490014962W,1305,6525.0,51.53211,-0.23317
18,2026-08-18T10:59:49.854520,LF75ORC,LF75ORC,Euston,1,490010332J,1083,5415.0,51.54374,-0.27097
18,2026-08-18T10:59:49.854520,LF75OPD,LF75OPD,Sudbury,2,490001282N,323,1615.0,51.554166,-0.314914
18,2026-08-18T10:59:49.854520,LF75OOU,LF75OOU,Sudbury,2,490007807W,650,3250.0,51.52317,-0.14957
18,2026-08-18T10:59:49.854520,LF75OOA,LF75OOA,Euston,1,490009571A,252,1260.0,51.53713,-0.24627
18,2026-08-18T10:59:49.854520,LF75ONM,LF75ONM,Euston,1,490000071E,72,360.0,51.52023,-0.169
18,2026-08-18T10:59:49.854520,LF75ONV,LF75ONV,Sudbury,2,490013797N,605,3025.0,51.55025,-0.28209
18,2026-08-18T10:59:49.854520,LF75OPA,LF75OPA,Euston,1,490014076E,1714,8570.0,51.53138,-0.23133
18,2026-08-18T10:59:49.854520,LF75ONW,LF75ONW,Euston,1,490000122E,453,2265.0,51.53014,-0.2248
18,2026-08-18T10:59:49.854520,LF75OPR,LF75OPR,Euston,1,490007865E,754,3770.0,51.52364,-0.19862
18,2026-08-18T10:59:49.854520,LF75OPK,LF75OPK,Euston,1,490014975E,352,1760.0,51.54724,-0.27529
18,2026-08-18T10:59:49.854520,LF75ORC,LF75ORC,Euston,1,490013363E,252,1260.0,51.55189,-0.31017
18,2026-08-18T10:59:49.854520,LF75ORH,LF75ORH,Euston,1,490009571A,762,3810.0,51.53713,-0.24627
18,2026-08-18T10:59:49.854520,LF75OPR,LF75OPR,Euston,1,490000071E,1498,7490.0,51.52023,-0.169
18,2026-08-18T10:59:49.854520,LF75OPK,LF75OPK,Euston,1,490014076E,1435,7175.0,51.53138,-0.23133
18,2026-08-18T10:59:49.854520,LF75OPX,LF75OPX,Sudbury,2,4900020147W,1097,5485.0,51.52522,-0.13671
18,2026-08-18T10:59:49.854520,LF75ORK,LF75ORK,Sudbury,2,490010567H,1479,7395.0,51.5205,-0.16651
18,2026-08-18T10:59:49.854520,LF75ONJ,LF75ONJ,Sudbury,2,490012847W,685,3425.0,51.54252,-0.26748
18,2026-08-18T10:59:49.854520,LF75ONJ,LF75ONJ,Sudbury,2,490001282N,1571,7855.0,51.554166,-0.314914
18,2026-08-18T10:59:49.854520,LF75OPA,LF75OPA,Euston,1,490005452E,814,4070.0,51.54301,-0.26931
18,2026-08-18T10:59:49.854520,LF75ONJ,LF75ONJ,Sudbury,2,490006871N,953,4765.0,51.54843,-0.27887
18,2026-08-18T10:59:49.854520,LF75ONW,LF75ONW,Euston,1,490005320E,1167,5835.0,51.52088,-0.19182
18,2026-08-18T10:59:49.854520,LF75OOE,LF75OOE,Sudbury,2,490001282N,534,2670.0,51.554166,-0.314914
18,2026-08-18T10:59:49.854520,LF75OOH,LF75OOH,Sudbury,2,490000077E,1082,5410.0,51.52777,-0.1317
18,2026-08-18T10:59:49.854520,LF75ONP,LF75ONP,Sudbury,2,490015502P,405,2025.0,51.52152,-0.16039
18,2026-08-18T10:59:49.854520,LF75OPA,LF75OPA,Euston,1,490014315N1,391,1955.0,51.55263,-0.28485
18,2026-08-18T10:59:49.854520,LF75OOE,LF75OOE,Sudbury,2,490005583W,441,2205.0,51.55157,-0.30754
18,2026-08-18T10:59:49.854520,LF75ONL,LF75ONL,Euston,1,490008711X,1139,5695.0,51.52828,-0.21676
18,2026-08-18T10:59:49.854520,LF75OPA,LF75OPA,Euston,1,490012848E,958,4790.0,51.54125,-0.26051
18,2026-08-18T10:59:49.854520,LF75ONP,LF75ONP,Sudbury,2,490007865H,1058,5290.0,51.52378,-0.20031
18,2026-08-18T10:59:49.854520,LF75OOH,LF75OOH,Sudbury,2,490000077H,1269,6345.0,51.52651,-0.13289
18,2026-08-18T10:59:49.854520,LF75ORA,LF75ORA,Euston,1,490010332J,1383,6915.0,51.54374,-0.27097
18,2026-08-18T10:59:49.854520,LF75ORH,LF75ORH,Euston,1,490006832E,1570,7850.0,51.52716,-0.21291
18,2026-08-18T10:59:49.854520,LF75OOU,LF75OOU,Sudbury,2,4900020147W,323,1615.0,51.52522,-0.13671
18,2026-08-18T10:59:49.854520,LF75OOU,LF75OOU,Sudbury,2,490003444W,1554,7770.0,51.52481,-0.20289
18,2026-08-18T10:59:49.854520,LF75OPA,LF75OPA,Euston,1,490000256F,63,315.0,51.55243,-0.29755
18,2026-08-18T10:59:49.854520,LF75OOV,LF75OOV,Sudbury,2,490015558W2,1604,8020.0,51.55365,-0.28999
18,2026-08-18T10:59:49.854520,LF75OPV,LF75OPV,Euston,1,490005584K,1216,6080.0,51.55365,-0.29214
18,2026-08-18T10:59:49.854520,LF75OPA,LF75OPA,Euston,1,490005491E,1597,7985.0,51.53243,-0.2362
18,2026-08-18T10:59:49.854520,LF75ORC,LF75ORC,Euston,1,490005583E,319,1595.0,51.55196,-0.305
18,2026-08-18T10:59:49.854520,LF75ONJ,LF75ONJ,Sudbury,2,490005720W,460,2300.0,51.54028,-0.25437
18,2026-08-18T10:59:49.854520,LF75ONJ,LF75ONJ,Sudbury,2,490015558W2,1168,5840.0,51.55365,-0.28999
18,2026-08-18T10:59:49.854520,LF75ONH,LF75ONH,Sudbury,2,490000122W,630,3150.0,51.52984,-0.22353
18,2026-08-18T10:59:49.854520,LF75OPN,LF75OPN,Sudbury,2,490004335F,1834,9170.0,51.55237,-0.31282
18,2026-08-18T10:59:49.854520,LF75ONU,LF75ONU,Sudbury,2,4900020147W,493,2465.0,51.52522,-0.13671
18,2026-08-18T10:59:49.854520,LF75OPN,LF75OPN,Sudbury,2,490015558W2,1375,6875.0,51.55365,-0.28999
18,2026-08-18T10:59:49.854520,LF75OPN,LF75OPN,Sudbury,2,490008865W,825,4125.0,51.54129,-0.25774
18,2026-08-18T10:59:49.854520,LF75OOE,LF75OOE,Sudbury,2,490014378M,169,845.0,51.55351,-0.2918
18,2026-08-18T10:59:49.854520,LF75OPV,LF75OPV,Euston,1,490014315N1,1367,6835.0,51.55263,-0.28485
18,2026-08-18T10:59:49.854520,LF75ORL,LF75ORL,Sudbury,2,490012788W,1175,5875.0,51.53009,-0.22727
18,2026-08-18T10:59:49.854520,LF75ONP,LF75ONP,Sudbury,2,490000091G,19,95.0,51.5239,-0.14387
18,2026-08-18T10:59:49.854520,LF75ORK,LF75ORK,Sudbury,2,490000252V,873,4365.0,51.52458,-0.13919
18,2026-08-18T10:59:49.854520,LF75OPD,LF75OPD,Euston,1,490000256F,1413,7065.0,51.55243,-0.29755
18,2026-08-18T10:59:49.854520,LF75OPA,LF75OPA,Euston,1,490014387E2,264,1320.0,51.55361,-0.28835
18,2026-08-18T10:59:49.854520,LF75ONU,LF75ONU,Sudbury,2,490014552W,1359,6795.0,51.51982,-0.17555
18,2026-08-18T10:59:49.854520,LF75ONH,LF75ONH,Sudbury,2,490015057H,972,4860.0,51.53289,-0.24019
18,2026-08-18T10:59:49.854520,LF75ONP,LF75ONP,Sudbury,2,490007807W,127,635.0,51.52317,-0.14957
18,2026-08-18T10:59:49.854520,LF75ONJ,LF75ONJ,Sudbury,2,490000256H,1359,6795.0,51.55224,-0.29779
18,2026-08-18T10:59:49.854520,LF75ONU,LF75ONU,Sudbury,2,490000072W,1196,5980.0,51.51991,-0.16895
18,2026-08-18T10:59:49.854520,LF75OOY,LF75OOY,Euston,1,490000077AZ,1371,6855.0,51.52666,-0.1329
18,2026-08-18T10:59:49.854520,LF75ORK,LF75ORK,Sudbury,2,490000077E,482,2410.0,51.52777,-0.1317
18,2026-08-18T10:59:49.854520,LF75ORL,LF75ORL,Sudbury,2,490008711V,860,4300.0,51.52748,-0.21496
18,2026-08-18T10:59:49.854520,LF75OOH,LF75OOH,Sudbury,2,490007807W,1704,8520.0,51.52317,-0.14957
18,2026-08-18T10:59:49.854520,LF75OPL,LF75OPL,Sudbury,2,490006299B,866,4330.0,51.55221,-0.30153
18,2026-08-18T10:59:49.854520,LF75OPR,LF75OPR,Euston,1,490006832E,396,1980.0,51.52716,-0.21291
18,2026-08-18T10:59:49.854520,LF75ONW,LF75ONW,Euston,1,490011135E,947,4735.0,51.52571,-0.20437
18,2026-08-18T10:59:49.854520,LF75OPX,LF75OPX,Sudbury,2,490000191B,1299,6495.0,51.52362,-0.14661
18,2026-08-18T10:59:49.854520,LF75OOU,LF75OOU,Sudbury,2,490010567H,861,4305.0,51.5205,-0.16651
18,2026-08-18T10:59:49.854520,LF75OPA,LF75OPA,Euston,1,490005584K,177,885.0,51.55365,-0.29214
18,2026-08-18T10:59:49.854520,LF75OOV,LF75OOV,Sudbury,2,490000122W,51,255.0,51.52984,-0.22353
18,2026-08-18T10:59:49.854520,LF75ORA,LF75ORA,Euston,1,490010337D,1323,6615.0,51.54555,-0.27298
18,2026-08-18T10:59:49.854520,LF75ONV,LF75ONV,Sudbury,2,490004335F,1109,5545.0,51.55237,-0.31282
18,2026-08-18T10:59:49.854520,LF75OPT,LF75OPT,Sudbury,2,490007803X,1492,7460.0,51.53603,-0.24771
18,2026-08-18T10:59:49.854520,LF75ONL,LF75ONL,Euston,1,490007865E,1660,8300.0,51.52364,-0.19862
18,2026-08-18T10:59:49.854520,LF75OPG,LF75OPG,Euston,1,490000077AZ,1141,5705.0,51.52666,-0.1329
18,2026-08-18T10:59:49.854520,LF75ORK,LF75ORK,Sudbury,2,490000191B,999,4995.0,51.52362,-0.14661
18,2026-08-18T10:59:49.854520,LF75OPA,LF75OPA,Euston,1,490010332J,782,3910.0,51.54374,-0.27097
18,2026-08-18T10:59:49.854520,LF75OPA,LF75OPA,Euston,1,490012803E,1168,5840.0,51.53919,-0.25126
18,2026-08-18T10:59:49.854520,LF75ONW,LF75ONW,Euston,1,490008711X,563,2815.0,51.52828,-0.21676
18,2026-08-18T10:59:49.854520,LF75ORA,LF75ORA,Euston,1,490013797S,1137,5685.0,51.55002,-0.28149
18,2026-08-18T10:59:49.854520,LF75OPL,LF75OPL,Sudbury,2,490010332K,187,935.0,51.54366,-0.27123
18,2026-08-18T10:59:49.854520,LF75OOY,LF75OOY,Euston,1,490000011D,812,4060.0,51.52242,-0.15628
18,2026-08-18T10:59:49.854520,LF75OPV,LF75OPV,Euston,1,490010332J,1683,8415.0,51.54374,-0.27097
18,2026-08-18T10:59:49.854520,LF75ONW,LF75ONW,Euston,1,490010713E,1682,8410.0,51.52013,-0.17151
18,2026-08-18T10:59:49.854520,LF75ONL,LF75ONL,Euston,1,490014700E,1052,5260.0,51.52913,-0.22037
18,2026-08-18T10:59:49.854520,LF75OOV,LF75OOV,Sudbury,2,490014378M,1649,8245.0,51.55351,-0.2918
18,2026-08-18T10:59:49.854520,LF75OPS,LF75OPS,Sudbury,2,490001282N,787,3935.0,51.554166,-0.314914
18,2026-08-18T10:59:49.854520,LF75OPT,LF75OPT,Sudbury,2,490007666W,486,2430.0,51.52633,-0.20684
18,2026-08-18T10:59:49.854520,LF75OPN,LF75OPN,Sudbury,2,490005491W,162,810.0,51.53231,-0.23612
18,2026-08-18T10:59:49.854520,LF75ORL,LF75ORL,Sudbury,2,490007865H,501,2505.0,51.52378,-0.20031
18,2026-08-18T10:59:49.854520,LF75OPS,LF75OPS,Sudbury,2,490009981N,85,425.0,51.54594,-0.27352
18,2026-08-18T10:59:49.854520,LF75OPV,LF75OPV,Euston,1,490014387E2,1294,6470.0,51.55361,-0.28835
18,2026-08-18T10:59:49.854520,LF75OPT,LF75OPT,Sudbury,2,490012847W,1813,9065.0,51.54252,-0.26748
18,2026-08-18T10:59:49.854520,LF75ONP,LF75ONP,Sudbury,2,490010713F,583,2915.0,51.51978,-0.17164
18,2026-08-18T10:59:49.854520,LF75OOA,LF75OOA,Euston,1,490008711X,830,4150.0,51.52828,-0.21676
18,2026-08-18T10:59:49.854520,LF75OPV,LF75OPV,Euston,1,490013363E,847,4235.0,51.55189,-0.31017
18,2026-08-18T10:59:49.854520,LF75ONP,LF75ONP,Sudbury,2,490000072W,575,2875.0,51.51991,-0.16895
18,2026-08-18T10:59:49.854520,LF75OPT,LF75OPT,Sudbury,2,490008187F,1384,6920.0,51.53574,-0.24445
18,2026-08-18T10:59:49.854520,LF75OPD,LF75OPD,Euston,1,490005583E,1207,6035.0,51.55196,-0.305
18,2026-08-18T10:59:49.854520,LF75OPK,LF75OPK,Euston,1,490012847E,585,2925.0,51.56001,-0.26468
18,2026-08-18T10:59:49.854520,LF75OPC,LF75OPC,Sudbury,2,490014962W,581,2905.0,51.53211,-0.23317
18,2026-08-18T10:59:49.854520,LF75OPJ,LF75OPJ,Euston,1,490000091H,171,855.0,51.52402,-0.14291
18,2026-08-18T10:59:49.854520,LF75OPC,LF75OPC,Sudbury,2,490012788W,535,2675.0,51.53009,-0.22727
18,2026-08-18T10:59:49.854520,LF75ORC,LF75ORC,Euston,1,490012847E,1175,5875.0,51.56001,-0.26468
18,2026-08-18T10:59:49.854520,LF75OOE,LF75OOE,Euston,1,490003597G,1680,8400.0,51.55384,-0.31436
18,2026-08-18T10:59:49.854520,LF75OOA,LF75OOA,Euston,1,490011135E,1113,5565.0,51.52571,-0.20437
18,2026-08-18T10:59:49.854520,LF75OOU,LF75OOU,Sudbury,2,490000077H,230,1150.0,51.52651,-0.13289
18,2026-08-18T10:59:49.854520,LF75ONM,LF75ONM,Euston,1,490000011D,485,2425.0,51.52242,-0.15628
18,2026-08-18T10:59:49.854520,LF75ONU,LF75ONU,Sudbury,2,490015040Z,987,4935.0,51.52184,-0.15871
18,2026-08-18T10:59:49.854520,LF75OPM,LF75OPM,Euston,1,490000011D,1292,6460.0,51.52242,-0.15628
18,2026-08-18T10:59:49.854520,LF75OPL,LF75OPL,Sudbury,2,490013797N,458,2290.0,51.55025,-0.28209
18,2026-08-18T10:59:49.854520,LF75ONU,LF75ONU,Sudbury,2,490004039S,1396,6980.0,51.51973,-0.17842
18,2026-08-18T10:59:49.854520,LF75OPS,LF75OPS,Sudbury,2,490014378M,436,2180.0,51.55351,-0.2918
18,2026-08-18T10:59:49.854520,LF75OPD,LF75OPD,Euston,1,490005584K,1508,7540.0,51.55365,-0.29214
18,2026-08-18T10:59:49.854520,LF75ORH,LF75ORH,Euston,1,490013826G,921,4605.0,51.53438,-0.24225
18,2026-08-18T10:59:49.854520,LF75ONW,LF75ONW,Euston,1,490014250E,1561,7805.0,51.52042,-0.17928
18,2026-08-18T10:59:49.854520,LF75OPS,LF75OPS,Sudbury,2,490006871N,183,915.0,51.54843,-0.27887
18,2026-08-18T10:59:49.854520,LF75OPC,LF75OPC,Sudbury,2,490010332K,1497,7485.0,51.54366,-0.27123
18,2026-08-18T10:59:49.854520,LF75OPG,LF75OPG,Euston,1,490010713E,241,1205.0,51.52013,-0.17151
18,2026-08-18T10:59:49.854520,LF75ONM,LF75ONM,Euston,1,490015040W,340,1700.0,51.52202,-0.15888
18,2026-08-18T10:59:49.854520,LF75OPJ,LF75OPJ,Sudbury,2,4900020147W,1708,8540.0,51.52522,-0.13671
18,2026-08-18T10:59:49.854520,LF75ORA,LF75ORA,Euston,1,490012848E,1552,7760.0,51.54125,-0.26051
18,2026-08-18T10:59:49.854520,LF75OOE,LF75OOE,Euston,1,490005583E,1807,9035.0,51.55196,-0.305
18,2026-08-18T10:59:49.854520,LF75OPK,LF75OPK,Euston,1,490012788E,1519,7595.0,51.53064,-0.22896
18,2026-08-18T10:59:49.854520,LF75OOA,LF75OOA,Euston,1,490007865E,1382,6910.0,51.52364,-0.19862
18,2026-08-18T10:59:49.854520,LF75ORA,LF75ORA,Euston,1,490005452E,1416,7080.0,51.54301,-0.26931
18,2026-08-18T10:59:49.854520,LF75OPC,LF75OPC,Sudbury,2,490012848W,1406,7030.0,51.54105,-0.26183
18,2026-08-18T10:59:49.854520,LF75OPC,LF75OPC,Sudbury,2,490008711V,343,1715.0,51.52748,-0.21496
18,2026-08-18T10:59:49.854520,LF75OPK,LF75OPK,Euston,1,490013797S,237,1185.0,51.55002,-0.28149
18,2026-08-18T10:59:49.854520,LF75ORK,LF75ORK,Sudbury,2,490000072W,1520,7600.0,51.51991,-0.16895
18,2026-08-18T10:59:49.854520,LF75ONH,LF75ONH,Sudbury,2,490006832W,398,1990.0,51.52691,-0.21148
18,2026-08-18T10:59:49.854520,LF75ONM,LF75ONM,Euston,1,490015502N,263,1315.0,51.52137,-0.16235
18,2026-08-18T10:59:49.854520,LF75OPY,LF75OPY,Euston,1,490000256F,1723,8615.0,51.55243,-0.29755
18,2026-08-18T10:59:49.854520,LF75OPL,LF75OPL,Sudbury,2,490015558W2,621,3105.0,51.55365,-0.28999
18,2026-08-18T10:59:49.854520,LF75OOA,LF75OOA,Euston,1,490012803E,178,890.0,51.53919,-0.25126
18,2026-08-18T10:59:49.854520,LF75ONV,LF75ONV,Sudbury,2,490000256H,969,4845.0,51.55224,-0.29779
18,2026-08-18T10:59:49.854520,LF75ORK,LF75ORK,Sudbury,2,490000011E,1202,6010.0,51.52222,-0.15626
18,2026-08-18T10:59:49.854520,LF75ONH,LF75ONH,Sudbury,2,490005720W,1450,7250.0,51.54028,-0.25437
18,2026-08-18T10:59:49.854520,LF75ONP,LF75ONP,Sudbury,2,490012788W,1661,8305.0,51.53009,-0.22727
18,2026-08-18T10:59:49.854520,LF75ONW,LF75ONW,Euston,1,490014700E,559,2795.0,51.52913,-0.22037
18,2026-08-18T10:59:49.854520,LF75OOV,LF75OOV,Sudbury,2,490005720W,901,4505.0,51.54028,-0.25437
18,2026-08-18T10:59:49.854520,LF75ORH,LF75ORH,Euston,1,490007867E,45,225.0,51.54844,-0.27851
18,2026-08-18T10:59:49.854520,LF75OOU,LF75OOU,Sudbury,2,490007865H,1458,7290.0,51.52378,-0.20031
18,2026-08-18T10:59:49.854520,LF75ONW,LF75ONW,Euston,1,490015473E,1291,6455.0,51.51976,-0.18558
18,2026-08-18T10:59:49.854520,LF75OPA,LF75OPA,Euston,1,490014700E,1845,9225.0,51.52913,-0.22037
18,2026-08-18T10:59:49.854520,LF75OOH,LF75OOH,Sudbury,2,490000252V,1499,7495.0,51.52458,-0.13919
18,2026-08-18T10:59:49.854520,LF75OPC,LF75OPC,Sudbury,2,490006871N,1837,9185.0,51.54843,-0.27887
18,2026-08-18T10:59:49.854520,LF75ORC,LF75ORC,Euston,1,490007867E,898,4490.0,51.54844,-0.27851
18,2026-08-18T10:59:49.854520,LF75ONL,LF75ONL,Euston,1,490012788E,952,4760.0,51.53064,-0.22896
18,2026-08-18T10:59:49.854520,LF75OOY,LF75OOY,Euston,1,490000071E,478,2390.0,51.52023,-0.169
18,2026-08-18T10:59:49.854520,LF75ORK,LF75ORK,Sudbury,2,4900020147W,793,3965.0,51.52522,-0.13671
18,2026-08-18T10:59:49.854520,LF75OOY,LF75OOY,Euston,1,490007807E,937,4685.0,51.52336,-0.14954
18,2026-08-18T10:59:49.854520,LF75ONJ,LF75ONJ,Sudbury,2,490008865W,529,2645.0,51.54129,-0.25774
18,2026-08-18T10:59:49.854520,LF75OPJ,LF75OPJ,Sudbury,2,490000078P,1643,8215.0,51.52569,-0.13534
18,2026-08-18T10:59:49.854520,LF75OPT,LF75OPT,Sudbury,2,490006832W,531,2655.0,51.52691,-0.21148
18,2026-08-18T10:59:49.854520,LF75OPL,LF75OPL,Sudbury,2,490004335F,985,4925.0,51.55237,-0.31282
18,2026-08-18T10:59:49.854520,LF75OPY,LF75OPY,Euston,1,490005583E,1507,7535.0,51.55196,-0.305
18,2026-08-18T10:59:49.854520,LF75ORL,LF75ORL,Sudbury,2,490007803X,1650,8250.0,51.53603,-0.24771
18,2026-08-18T10:59:49.854520,LF75ORH,LF75ORH,Euston,1,490008711X,1478,7390.0,51.52828,-0.21676
18,2026-08-18T10:59:49.854520,LF75ORK,LF75ORK,Sudbury,2,490000196W,1845,9225.0,51.51959,-0.18938
18,2026-08-18T10:59:49.854520,LF75ORL,LF75ORL,Sudbury,2,490006832W,791,3955.0,51.52691,-0.21148
18,2026-08-18T10:59:49.854520,LF75ONU,LF75ONU,Sudbury,2,490010713F,1289,6445.0,51.51978,-0.17164
18,2026-08-18T10:59:49.854520,LF75OPG,LF75OPG,Euston,1,490000078Q,1014,5070.0,51.5256,-0.13685
18,2026-08-18T10:59:49.854520,LF75OOU,LF75OOU,Sudbury,2,490004039S,1114,5570.0,51.51973,-0.17842
18,2026-08-18T10:59:49.854520,LF75ORL,LF75ORL,Sudbury,2,490003444W,695,3475.0,51.52481,-0.20289
18,2026-08-18T10:59:49.854520,LF75OOY,LF75OOY,Euston,1,490015473E,136,680.0,51.51976,-0.18558
18,2026-08-18T10:59:49.854520,LF75OPA,LF75OPA,Euston,1,490012788E,1772,8860.0,51.53064,-0.22896
18,2026-08-18T10:59:49.854520,LF75ONJ,LF75ONJ,Sudbury,2,490004335F,1534,7670.0,51.55237,-0.31282
18,2026-08-18T10:59:49.854520,LF75OPK,LF75OPK,Euston,1,490000122E,1590,7950.0,51.53014,-0.2248
18,2026-08-18T10:59:49.854520,LF75OPT,LF75OPT,Sudbury,2,490008711V,601,3005.0,51.52748,-0.21496
18,2026-08-18T10:59:49.854520,LF75OOA,LF75OOA,Euston,1,490015473E,1735,8675.0,51.51976,-0.18558
18,2026-08-18T10:59:49.854520,LF75ONV,LF75ONV,Sudbury,2,490006299B,1032,5160.0,51.55221,-0.30153
18,2026-08-18T10:59:49.854520,LF75OPU,LF75OPU,Euston,1,490000077AZ,754,3770.0,51.52666,-0.1329
18,2026-08-18T10:59:49.854520,LF75OPT,LF75OPT,Sudbury,2,490007865H,267,1335.0,51.52378,-0.20031
18,2026-08-18T10:59:49.854520,LF75OPC,LF75OPC,Sudbury,2,490007666W,189,945.0,51.52633,-0.20684
18,2026-08-18T10:59:49.854520,LF75ONU,LF75ONU,Sudbury,2,490000078P,418,2090.0,51.52569,-0.13534
18,2026-08-18T10:59:49.854520,LF75ONU,LF75ONU,Sudbury,2,490000077H,369,1845.0,51.52651,-0.13289
18,2026-08-18T10:59:49.854520,LF75ONH,LF75ONH,Sudbury,2,490007803X,1241,6205.0,51.53603,-0.24771
18,2026-08-18T10:59:49.854520,LF75ONP,LF75ONP,Sudbury,2,490000196W,850,4250.0,51.51959,-0.18938
18,2026-08-18T10:59:49.854520,LF75ONJ,LF75ONJ,Sudbury,2,490012848W,607,3035.0,51.54105,-0.26183
18,2026-08-18T10:59:49.854520,LF75OOV,LF75OOV,Sudbury,2,490014315N2,1516,7580.0,51.55267,-0.28517
18,2026-08-18T10:59:49.854520,LF75ONW,LF75ONW,Euston,1,490005491E,237,1185.0,51.53243,-0.2362
18,2026-08-18T10:59:49.854520,LF75OPM,LF75OPM,Euston,1,490000071E,993,4965.0,51.52023,-0.169
18,2026-08-18T10:59:49.854520,LF75OPD,LF75OPD,Sudbury,2,490004335F,286,1430.0,51.55237,-0.31282
18,2026-08-18T10:59:49.854520,LF75OOU,LF75OOU,Sudbury,2,490014552W,1059,5295.0,51.51982,-0.17555
18,2026-08-18T10:59:49.854520,LF75ONJ,LF75ONJ,Sudbury,2,490005583W,1477,7385.0,51.55157,-0.30754
18,2026-08-18T10:59:49.854520,LF75OPG,LF75OPG,Euston,1,490007807E,798,3990.0,51.52336,-0.14954
18,2026-08-18T10:59:49.854520,LF75OPN,LF75OPN,Sudbury,2,490005583W,1777,8885.0,51.55157,-0.30754
18,2026-08-18T10:59:49.854520,LF75OOV,LF75OOV,Sudbury,2,490013797N,1377,6885.0,51.55025,-0.28209
18,2026-08-18T10:59:49.854520,LF75OOA,LF75OOA,Euston,1,490012788E,779,3895.0,51.53064,-0.22896
18,2026-08-18T10:59:49.854520,LF75ONP,LF75ONP,Sudbury,2,490000122W,1605,8025.0,51.52984,-0.22353
18,2026-08-18T10:59:49.854520,LF75OOU,LF75OOU,Sudbury,2,490007666W,1621,8105.0,51.52633,-0.20684
18,2026-08-18T10:59:49.854520,LF75OPT,LF75OPT,Sudbury,2,490015057H,1275,6375.0,51.53289,-0.24019
18,2026-08-18T10:59:49.854520,LF75OPD,LF75OPD,Euston,1,490006299A,1271,6355.0,51.55222,-0.30078
18,2026-08-18T10:59:49.854520,LF75ONL,LF75ONL,Euston,1,490013826G,558,2790.0,51.53438,-0.24225
18,2026-08-18T10:59:49.854520,LF75OPL,LF75OPL,Sudbury,2,490009981N,267,1335.0,51.54594,-0.27352
18,2026-08-18T10:59:49.854520,LF75OPC,LF75OPC,Sudbury,2,490008187F,906,4530.0,51.53574,-0.24445
18,2026-08-18T10:59:49.854520,LF75OPL,LF75OPL,Sudbury,2,490012848W,6,30.0,51.54105,-0.26183
18,2026-08-18T10:59:49.854520,LF75OPA,LF75OPA,Euston,1,490013797S,458,2290.0,51.55002,-0.28149
18,2026-08-18T10:59:49.854520,LF75OPD,LF75OPD,Euston,1,490007867E,1802,9010.0,51.54844,-0.27851
18,2026-08-18T10:59:49.854520,LF75OOU,LF75OOU,Sudbury,2,490005320W,1313,6565.0,51.52093,-0.19214
18,2026-08-18T10:59:49.854520,LF75OOA,LF75OOA,Euston,1,490014250E,1828,9140.0,51.52042,-0.17928
18,2026-08-18T10:59:49.854520,LF75OOU,LF75OOU,Sudbury,2,490008711V,1758,8790.0,51.52748,-0.21496
18,2026-08-18T10:59:49.854520,LF75OPS,LF75OPS,Sudbury,2,490006299B,571,2855.0,51.55221,-0.30153
18,2026-08-18T10:59:49.854520,LF75ORC,LF75ORC,Euston,1,490010337D,1024,5120.0,51.54555,-0.27298
18,2026-08-18T10:59:49.854520,LF75OPM,LF75OPM,Euston,1,490015502N,991,4955.0,51.52137,-0.16235
18,2026-08-18T10:59:49.854520,LF75OPG,LF75OPG,Euston,1,490015040W,679,3395.0,51.52202,-0.15888
18,2026-08-18T10:59:49.854520,LF75ORA,LF75ORA,Euston,1,490007867E,1199,5995.0,51.54844,-0.27851
18,2026-08-18T10:59:49.854520,LF75ONV,LF75ONV,Sudbury,2,490010332K,284,1420.0,51.54366,-0.27123
18,2026-08-18T10:59:49.854520,LF75OPC,LF75OPC,Sudbury,2,490007803X,1025,5125.0,51.53603,-0.24771
18,2026-08-18T10:59:49.854520,LF75OPG,LF75OPG,Euston,1,490000191A,947,4735.0,51.52376,-0.14703
18,2026-08-18T10:59:49.854520,LF75OPD,LF75OPD,Sudbury,2,490000256H,115,575.0,51.55224,-0.29779
18,2026-08-18T10:59:49.854520,LF75ORK,LF75ORK,Sudbury,2,490010713F,1590,7950.0,51.51978,-0.17164
18,2026-08-18T10:59:49.854520,LF75OOU,LF75OOU,Sudbury,2,490000252V,413,2065.0,51.52458,-0.13919
18,2026-08-18T10:59:49.854520,LF75ONJ,LF75ONJ,Sudbury,2,490006299B,1413,7065.0,51.55221,-0.30153
18,2026-08-18T10:59:49.854520,LF75OPT,LF75OPT,Sudbury,2,490008865W,1713,8565.0,51.54129,-0.25774
18,2026-08-18T10:59:49.854520,LF75OOV,LF75OOV,Sudbury,2,490006871N,1319,6595.0,51.54843,-0.27887
18,2026-08-18T10:59:49.854520,LF75OPK,LF75OPK,Euston,1,490014387E2,79,395.0,51.55361,-0.28835
18,2026-08-18T10:59:49.854520,LF75OPX,LF75OPX,Sudbury,2,490000072W,1779,8895.0,51.51991,-0.16895
18,2026-08-18T10:59:49.854520,LF75ORL,LF75ORL,Sudbury,2,490008187F,1508,7540.0,51.53574,-0.24445
18,2026-08-18T10:59:49.854520,LF75OOY,LF75OOY,Euston,1,490015040W,732,3660.0,51.52202,-0.15888
18,2026-08-18T10:59:49.854520,LF75OPR,LF75OPR,Euston,1,490008711X,309,1545.0,51.52828,-0.21676
18,2026-08-18T10:59:49.854520,LF75ORA,LF75ORA,Euston,1,490006299A,681,3405.0,51.55222,-0.30078
18,2026-08-18T10:59:49.854520,LF75OPT,LF75OPT,Sudbury,2,490003444W,431,2155.0,51.52481,-0.20289
18,2026-08-18T10:59:49.854520,LF75OPN,LF75OPN,Sudbury,2,490000256H,1629,8145.0,51.55224,-0.29779
18,2026-08-18T10:59:49.854520,LF75OOU,LF75OOU,Sudbury,2,490000078P,285,1425.0,51.52569,-0.13534
18,2026-08-18T10:59:49.854520,LF75ONL,LF75ONL,Euston,1,490008865E,146,730.0,51.54141,-0.25779
18,2026-08-18T10:59:49.854520,LF75ONM,LF75ONM,Euston,1,490000078Q,967,4835.0,51.5256,-0.13685
18,2026-08-18T10:59:49.854520,LF75OPR,LF75OPR,Euston,1,490014700E,192,960.0,51.52913,-0.22037
18,2026-08-18T10:59:49.854520,LF75ONM,LF75ONM,Euston,1,490000191A,640,3200.0,51.52376,-0.14703
18,2026-08-18T10:59:49.854520,LF75OOY,LF75OOY,Euston,1,490000091H,1041,5205.0,51.52402,-0.14291
18,2026-08-18T10:59:49.854520,LF75ORA,LF75ORA,Euston,1,490008865E,1624,8120.0,51.54141,-0.25779
18,2026-08-18T10:59:49.854520,LF75OPC,LF75OPC,Sudbury,2,490005720W,1227,6135.0,51.54028,-0.25437
18,2026-08-18T10:59:49.854520,LF75ONJ,LF75ONJ,Sudbury,2,490008187F,114,570.0,51.53574,-0.24445
18,2026-08-18T10:59:49.854520,LF75ORH,LF75ORH,Euston,1,490005720E,520,2600.0,51.54073,-0.25526
18,2026-08-18T10:59:49.854520,LF75ORA,LF75ORA,Euston,1,490005720E,1665,8325.0,51.54073,-0.25526
18,2026-08-18T10:59:49.854520,LF75ORH,LF75ORH,Euston,1,490008865E,477,2385.0,51.54141,-0.25779
18,2026-08-18T10:59:49.854520,LF75OPJ,LF75OPJ,Euston,1,490000191A,52,260.0,51.52376,-0.14703
18,2026-08-18T10:59:49.854520,LF75OPS,LF75OPS,Sudbury,2,490000256H,591,2955.0,51.55224,-0.29779
18,2026-08-18T10:59:49.854520,LF75ONH,LF75ONH,Sudbury,2,490010332K,1783,8915.0,51.54366,-0.27123
18,2026-08-18T10:59:49.854520,LF75ORK,LF75ORK,Sudbury,2,490015040Z,1279,6395.0,51.52184,-0.15871
18,2026-08-18T10:59:49.854520,LF75OPN,LF75OPN,Sudbury,2,490010332K,1045,5225.0,51.54366,-0.27123
18,2026-08-18T10:59:49.854520,LF75OOU,LF75OOU,Sudbury,2,490015040Z,687,3435.0,51.52184,-0.15871
18,2026-08-18T10:59:49.854520,LF75ORK,LF75ORK,Sudbury,2,490007807W,1070,5350.0,51.52317,-0.14957
18,2026-08-18T10:59:49.854520,LF75OPK,LF75OPK,Euston,1,490008865E,717,3585.0,51.54141,-0.25779
18,2026-08-18T10:59:49.854520,LF75OPL,LF75OPL,Sudbury,2,490000256H,812,4060.0,51.55224,-0.29779
18,2026-08-18T10:59:49.854520,LF75OOY,LF75OOY,Euston,1,490000191A,955,4775.0,51.52376,-0.14703
18,2026-08-18T10:59:49.854520,LF75OPC,LF75OPC,Sudbury,2,490006832W,279,1395.0,51.52691,-0.21148
18,2026-08-18T10:59:49.854520,LF75ONU,LF75ONU,Sudbury,2,490010567H,1162,5810.0,51.5205,-0.16651
18,2026-08-18T10:59:49.854520,LF75OPX,LF75OPX,Sudbury,2,490000078P,1018,5090.0,51.52569,-0.13534
18,2026-08-18T10:59:49.854520,LF75ONU,LF75ONU,Sudbury,2,490007865H,1726,8630.0,51.52378,-0.20031
18,2026-08-18T10:59:49.854520,LF75OPT,LF75OPT,Sudbury,2,490005491W,1164,5820.0,51.53231,-0.23612
18,2026-08-18T10:59:49.854520,LF75ONL,LF75ONL,Euston,1,490009571A,442,2210.0,51.53713,-0.24627
18,2026-08-18T10:59:49.854520,LF75ONW,LF75ONW,Euston,1,490000071E,1807,9035.0,51.52023,-0.169
18,2026-08-18T10:59:49.854520,LF75ORH,LF75ORH,Euston,1,490012803E,625,3125.0,51.53919,-0.25126
18,2026-08-18T10:59:49.854520,LF75ONU,LF75ONU,Sudbury,2,490000091G,654,3270.0,51.5239,-0.14387
18,2026-08-18T10:59:49.854520,LF75ORK,LF75ORK,Sudbury,2,490000091G,954,4770.0,51.5239,-0.14387
18,2026-08-18T10:59:49.854520,LF75ONU,LF75ONU,Sudbury,2,490000196W,1517,7585.0,51.51959,-0.18938
18,2026-08-18T10:59:49.854520,LF75OOV,LF75OOV,Sudbury,2,490012788W,107,535.0,51.53009,-0.22727
18,2026-08-18T10:59:49.854520,LF75ORH,LF75ORH,Euston,1,490000122E,1331,6655.0,51.53014,-0.2248
18,2026-08-18T10:59:49.854520,LF75OPG,LF75OPG,Euston,1,490015502N,543,2715.0,51.52137,-0.16235
18,2026-08-18T10:59:49.854520,LF75OPM,LF75OPM,Euston,1,490011135E,34,170.0,51.52571,-0.20437
18,2026-08-18T10:59:49.854520,LF75ORH,LF75ORH,Euston,1,490005452E,266,1330.0,51.54301,-0.26931
18,2026-08-18T10:59:49.854520,LF75ORC,LF75ORC,Euston,1,490012803E,1466,7330.0,51.53919,-0.25126
18,2026-08-18T10:59:49.854520,LF75ONP,LF75ONP,Sudbury,2,490014552W,650,3250.0,51.51982,-0.17555
18,2026-08-18T10:59:49.854520,LF75ONJ,LF75ONJ,Sudbury,2,490015057H,1,5.0,51.53289,-0.24019
18,2026-08-18T10:59:49.854520,LF75ONW,LF75ONW,Euston,1,490013826G,46,230.0,51.53438,-0.24225
18,2026-08-18T10:59:49.854520,LF75OPU,LF75OPU,Euston,1,490015040W,271,1355.0,51.52202,-0.15888
18,2026-08-18T10:59:49.854520,LF75OPK,LF75OPK,Euston,1,490007867E,293,1465.0,51.54844,-0.27851
18,2026-08-18T10:59:49.854520,LF75ONH,LF75ONH,Sudbury,2,490014700W,556,2780.0,51.52841,-0.21747
18,2026-08-18T10:59:49.854520,LF75ORL,LF75ORL,Sudbury,2,490004039S,184,920.0,51.51973,-0.17842
18,2026-08-18T10:59:49.854520,LF75ORL,LF75ORL,Sudbury,2,490014552W,141,705.0,51.51982,-0.17555
18,2026-08-18T10:59:49.854520,LF75ORA,LF75ORA,Euston,1,490014315N1,1050,5250.0,51.55263,-0.28485
18,2026-08-18T10:59:49.854520,LF75OPV,LF75OPV,Euston,1,490014975E,1555,7775.0,51.54724,-0.27529
18,2026-08-18T10:59:49.854520,LF75ONL,LF75ONL,Euston,1,490013613E,1310,6550.0,51.52675,-0.20902
18,2026-08-18T10:59:49.854520,LF75ONP,LF75ONP,Sudbury,2,490008711V,1418,7090.0,51.52748,-0.21496
18,2026-08-18T10:59:49.854520,LF75ORK,LF75ORK,Sudbury,2,490000078P,718,3590.0,51.52569,-0.13534
18,2026-08-18T10:59:49.854520,LF75ONU,LF75ONU,Sudbury,2,490015502P,1046,5230.0,51.52152,-0.16039
18,2026-08-18T10:59:49.854520,LF75OPJ,LF75OPJ,Euston,1,490000077AZ,477,2385.0,51.52666,-0.1329
18,2026-08-18T10:59:49.854520,LF75OOV,LF75OOV,Sudbury,2,490000256H,1833,9165.0,51.55224,-0.29779
18,2026-08-18T10:59:49.854520,LF75ORA,LF75ORA,Euston,1,490013363E,552,2760.0,51.55189,-0.31017
18,2026-08-18T10:59:49.854520,LF75ONL,LF75ONL,Euston,1,490012848E,63,315.0,51.54125,-0.26051
18,2026-08-18T10:59:49.854520,LF75OPS,LF75OPS,Sudbury,2,490015558W2,394,1970.0,51.55365,-0.28999
18,2026-08-18T10:59:49.854520,LF75ORK,LF75ORK,Sudbury,2,490004039S,1700,8500.0,51.51973,-0.17842
18,2026-08-18T10:59:49.854520,LF75OPC,LF75OPC,Sudbury,2,490007865H,62,310.0,51.52378,-0.20031
18,2026-08-18T10:59:49.854520,LF75OPM,LF75OPM,Euston,1,490007807E,1525,7625.0,51.52336,-0.14954
18,2026-08-18T10:59:49.854520,LF75OPR,LF75OPR,Euston,1,490003444E,608,3040.0,51.5247,-0.20251
18,2026-08-18T10:59:49.854520,LF75OPY,LF75OPY,Sudbury,2,490005583W,303,1515.0,51.55157,-0.30754
18,2026-08-18T10:59:49.854520,LF75OOY,LF75OOY,Euston,1,490000196C,79,395.0,51.51991,-0.18942
18,2026-08-18T10:59:49.854520,LF75OPU,LF75OPU,Euston,1,490000078Q,699,3495.0,51.5256,-0.13685
18,2026-08-18T10:59:49.854520,LF75ORH,LF75ORH,Euston,1,490010337D,172,860.0,51.54555,-0.27298
18,2026-08-18T10:59:49.854520,LF75OPK,LF75OPK,Euston,1,490005584K,13,65.0,51.55365,-0.29214
18,2026-08-18T10:59:49.854520,LF75ONW,LF75ONW,Euston,1,490013613E,669,3345.0,51.52675,-0.20902
18,2026-08-18T10:59:49.854520,LF75ORH,LF75ORH,Euston,1,490014975E,117,585.0,51.54724,-0.27529
18,2026-08-18T10:59:49.854520,LF75ONV,LF75ONV,Sudbury,2,490012848W,134,670.0,51.54105,-0.26183
18,2026-08-18T10:59:49.854520,LF75ORC,LF75ORC,Euston,1,490014387E2,677,3385.0,51.55361,-0.28835
18,2026-08-18T10:59:49.854520,LF75ORL,LF75ORL,Sudbury,2,490005320W,334,1670.0,51.52093,-0.19214
18,2026-08-18T10:59:49.854520,LF75OOV,LF75OOV,Sudbury,2,490014962W,222,1110.0,51.53211,-0.23317
18,2026-08-18T10:59:49.854520,LF75OPN,LF75OPN,Sudbury,2,490012847W,985,4925.0,51.54252,-0.26748
18,2026-08-18T10:59:49.854520,LF75OPN,LF75OPN,Sudbury,2,490006871N,1109,5545.0,51.54843,-0.27887
18,2026-08-18T10:59:49.854520,LF75ORL,LF75ORL,Sudbury,2,490000196W,287,1435.0,51.51959,-0.18938
18,2026-08-18T10:59:49.854520,LF75OPR,LF75OPR,Euston,1,490015473E,1143,5715.0,51.51976,-0.18558
18,2026-08-18T10:59:49.854520,LF75ORL,LF75ORL,Sudbury,2,490014700W,1090,5450.0,51.52841,-0.21747
18,2026-08-18T10:59:49.854520,LF75ORC,LF75ORC,Euston,1,490005584K,605,3025.0,51.55365,-0.29214
18,2026-08-18T10:59:49.854520,LF75OPK,LF75OPK,Euston,1,490009571A,984,4920.0,51.53713,-0.24627
18,2026-08-18T10:59:49.854520,LF75OPJ,LF75OPJ,Euston,1,490007807E,11,55.0,51.52336,-0.14954
18,2026-08-18T10:59:49.854520,LF75ORC,LF75ORC,Euston,1,490008865E,1315,6575.0,51.54141,-0.25779
18,2026-08-18T10:59:49.854520,LF75OPM,LF75OPM,Euston,1,490015473E,533,2665.0,51.51976,-0.18558
18,2026-08-18T10:59:49.854520,LF75ORC,LF75ORC,Euston,1,490012848E,1254,6270.0,51.54125,-0.26051
18,2026-08-18T10:59:49.854520,LF75ONH,LF75ONH,Sudbury,2,490003444W,245,1225.0,51.52481,-0.20289
18,2026-08-18T10:59:49.854520,LF75OOU,LF75OOU,Sudbury,2,490000196W,1267,6335.0,51.51959,-0.18938
18,2026-08-18T10:59:49.854520,LF75OPL,LF75OPL,Sudbury,2,490014378M,666,3330.0,51.55351,-0.2918
18,2026-08-18T10:59:49.854520,LF75OPN,LF75OPN,Sudbury,2,490009981N,993,4965.0,51.54594,-0.27352
18,2026-08-18T10:59:49.854520,LF75ORC,LF75ORC,Euston,1,490014975E,953,4765.0,51.54724,-0.27529
18,2026-08-18T10:59:49.854520,LF75OPK,LF75OPK,Euston,1,490012803E,868,4340.0,51.53919,-0.25126
18,2026-08-18T10:59:49.854520,LF75ONM,LF75ONM,Euston,1,490000091H,726,3630.0,51.52402,-0.14291
18,2026-08-18T10:59:49.854520,LF75OOA,LF75OOA,Euston,1,490014700E,913,4565.0,51.52913,-0.22037
18,2026-08-18T10:59:49.854520,LF75ONW,LF75ONW,Euston,1,490014076E,361,1805.0,51.53138,-0.23133
18,2026-08-18T10:59:49.854520,LF75ORC,LF75ORC,Euston,1,490009571A,1612,8060.0,51.53713,-0.24627
18,2026-08-18T10:59:49.854520,LF75ONP,LF75ONP,Sudbury,2,490015040Z,350,1750.0,51.52184,-0.15871
18,2026-08-18T10:59:49.854520,LF75OPY,LF75OPY,Euston,1,490005584K,1808,9040.0,51.55365,-0.29214
18,2026-08-18T10:59:49.854520,LF75OPU,LF75OPU,Euston,1,490000091H,615,3075.0,51.52402,-0.14291
18,2026-08-18T10:59:49.854520,LF75OPJ,LF75OPJ,Euston,1,490000078Q,375,1875.0,51.5256,-0.13685
18,2026-08-18T10:59:49.854520,LF75OOV,LF75OOV,Sudbury,2,490010332K,1195,5975.0,51.54366,-0.27123
18,2026-08-18T10:59:49.854520,LF75OPM,LF75OPM,Euston,1,490003444E,119,595.0,51.5247,-0.20251
18,2026-08-18T10:59:49.854520,LF75OOV,LF75OOV,Sudbury,2,490007803X,720,3600.0,51.53603,-0.24771
18,2026-08-18T10:59:49.854520,LF75ONV,LF75ONV,Sudbury,2,490014315N2,678,3390.0,51.55267,-0.28517
18,2026-08-18T10:59:49.854520,LF75ORK,LF75ORK,Sudbury,2,490000077H,669,3345.0,51.52651,-0.13289
18,2026-08-18T10:59:49.854520,LF75ORA,LF75ORA,Euston,1,490012847E,1473,7365.0,51.56001,-0.26468
18,2026-08-18T10:59:49.854520,LF75OPV,LF75OPV,Euston,1,490010337D,1622,8110.0,51.54555,-0.27298
18,2026-08-18T10:59:49.854520,LF75OPA,LF75OPA,Euston,1,490005720E,1068,5340.0,51.54073,-0.25526
18,2026-08-18T10:59:49.854520,LF75OPN,LF75OPN,Sudbury,2,490015057H,256,1280.0,51.53289,-0.24019
18,2026-08-18T10:59:49.854520,LF75OPX,LF75OPX,Sudbury,2,490010567H,1767,8835.0,51.5205,-0.16651
18,2026-08-18T10:59:49.854520,LF75ONJ,LF75ONJ,Sudbury,2,490007803X,258,1290.0,51.53603,-0.24771
18,2026-08-18T10:59:49.854520,LF75ONU,LF75ONU,Sudbury,2,490007807W,770,3850.0,51.52317,-0.14957
18,2026-08-18T10:59:49.854520,LF75ONJ,LF75ONJ,Sudbury,2,490010332K,745,3725.0,51.54366,-0.27123
18,2026-08-18T10:59:49.854520,LF75ORL,LF75ORL,Sudbury,2,490000122W,1156,5780.0,51.52984,-0.22353
18,2026-08-18T10:59:49.854520,LF75OPC,LF75OPC,Sudbury,2,490005491W,649,3245.0,51.53231,-0.23612
18,2026-08-18T10:59:49.854520,LF75OPA,LF75OPA,Euston,1,490009571A,1284,6420.0,51.53713,-0.24627
18,2026-08-18T10:59:49.854520,LF75OPN,LF75OPN,Sudbury,2,490007803X,525,2625.0,51.53603,-0.24771
18,2026-08-18T10:59:49.854520,LF75OPT,LF75OPT,Sudbury,2,490012848W,1779,8895.0,51.54105,-0.26183
18,2026-08-18T10:59:49.854520,LF75OPX,LF75OPX,Sudbury,2,490000077H,969,4845.0,51.52651,-0.13289
18,2026-08-18T10:59:49.854520,LF75OPC,LF75OPC,Sudbury,2,490009981N,1674,8370.0,51.54594,-0.27352
18,2026-08-18T10:59:49.854520,LF75OPS,LF75OPS,Sudbury,2,490014315N2,319,1595.0,51.55267,-0.28517
18,2026-08-18T10:59:49.854520,LF75OOU,LF75OOU,Sudbury,2,490010713F,994,4970.0,51.51978,-0.17164
18,2026-08-18T10:59:49.854520,LF75OPL,LF75OPL,Sudbury,2,490005583W,930,4650.0,51.55157,-0.30754
18,2026-08-18T10:59:49.854520,LF75ORC,LF75ORC,Euston,1,490013797S,838,4190.0,51.55002,-0.28149
18,2026-08-18T10:59:49.854520,LF75ONU,LF75ONU,Sudbury,2,490000191B,699,3495.0,51.52362,-0.14661
18,2026-08-18T10:59:49.854520,LF75ORH,LF75ORH,Euston,1,490010332J,237,1185.0,51.54374,-0.27097
18,2026-08-18T10:59:49.854520,LF75OOA,LF75OOA,Euston,1,490000196C,1676,8380.0,51.51991,-0.18942
18,2026-08-18T10:59:49.854520,LF75ORH,LF75ORH,Euston,1,490014700E,1394,6970.0,51.52913,-0.22037
18,2026-08-18T10:59:49.854520,LF75ONP,LF75ONP,Sudbury,2,490006832W,1353,6765.0,51.52691,-0.21148
18,2026-08-18T10:59:49.854520,LF75ORA,LF75ORA,Euston,1,490005583E,620,3100.0,51.55196,-0.305
18,2026-08-18T10:59:49.854520,LF75OPX,LF75OPX,Sudbury,2,490000011E,1536,7680.0,51.52222,-0.15626
18,2026-08-18T10:59:49.854520,LF75OPN,LF75OPN,Sudbury,2,490014378M,1449,7245.0,51.55351,-0.2918
18,2026-08-18T10:59:49.854520,LF75OOV,LF75OOV,Sudbury,2,490009981N,1317,6585.0,51.54594,-0.27352
18,2026-08-18T10:59:49.854520,LF75OPK,LF75OPK,Euston,1,490013826G,1154,5770.0,51.53438,-0.24225
18,2026-08-18T10:59:49.854520,LF75ONL,LF75ONL,Euston,1,490000122E,1034,5170.0,51.53014,-0.2248
18,2026-08-18T10:59:49.854520,LF75OPS,LF75OPS,Sudbury,2,490005583W,685,3425.0,51.55157,-0.30754
18,2026-08-18T10:59:49.854520,LF75OPL,LF75OPL,Sudbury,2,490012847W,126,630.0,51.54252,-0.26748
18,2026-08-18T10:59:49.854520,LF75OOU,LF75OOU,Sudbury,2,490015502P,746,3730.0,51.52152,-0.16039
18,2026-08-18T10:59:49.854520,LF75OPK,LF75OPK,Euston,1,490006832E,1820,9100.0,51.52716,-0.21291
18,2026-08-18T10:59:49.854520,LF75OPX,LF75OPX,Sudbury,2,490007807W,1404,7020.0,51.52317,-0.14957
18,2026-08-18T10:59:49.854520,LF75OPK,LF75OPK,Euston,1,490014700E,1649,8245.0,51.52913,-0.22037
18,2026-08-18T10:59:49.854520,LF75OOV,LF75OOV,Sudbury,2,490008865W,955,4775.0,51.54129,-0.25774
18,2026-08-18T10:59:49.854520,LF75OPR,LF75OPR,Euston,1,490011135E,524,2620.0,51.52571,-0.20437
18,2026-08-18T10:59:49.854520,LF75ORC,LF75ORC,Euston,1,490005452E,1116,5580.0,51.54301,-0.26931
18,2026-08-18T10:59:49.854520,LF75OPU,LF75OPU,Euston,1,490007807E,435,2175.0,51.52336,-0.14954
18,2026-08-18T10:59:49.854520,LF75OOE,LF75OOE,Sudbury,2,490015558W2,116,580.0,51.55365,-0.28999
18,2026-08-18T10:59:49.854520,LF75OPM,LF75OPM,Euston,1,490007865E,279,1395.0,51.52364,-0.19862
18,2026-08-18T10:59:49.854520,LF75OPV,LF75OPV,Euston,1,490013797S,1452,7260.0,51.55002,-0.28149
18,2026-08-18T10:59:49.854520,LF75ORH,LF75ORH,Euston,1,490012848E,407,2035.0,51.54125,-0.26051
18,2026-08-18T10:59:49.854520,LF75OPA,LF75OPA,Euston,1,490007867E,533,2665.0,51.54844,-0.27851
18,2026-08-18T10:59:49.854520,LF75OPM,LF75OPM,Euston,1,490014250E,625,3125.0,51.52042,-0.17928
18,2026-08-18T10:59:49.854520,LF75ONH,LF75ONH,Sudbury,2,490012788W,686,3430.0,51.53009,-0.22727
18,2026-08-18T10:59:49.854520,LF75ONU,LF75ONU,Sudbury,2,490000077E,182,910.0,51.52777,-0.1317
18,2026-08-18T10:59:49.854520,LF75OPX,LF75OPX,Sudbury,2,490015502P,1670,8350.0,51.52152,-0.16039
18,2026-08-18T10:59:49.854520,LF75OPD,LF75OPD,Euston,1,490013363E,1141,5705.0,51.55189,-0.31017
18,2026-08-18T10:59:49.854520,LF75OPG,LF75OPG,Euston,1,490000091H,1060,5300.0,51.52402,-0.14291
18,2026-08-18T10:59:49.854520,LF75ONL,LF75ONL,Euston,1,490005720E,195,975.0,51.54073,-0.25526
18,2026-08-18T10:59:49.854520,LF75ONH,LF75ONH,Sudbury,2,490012847W,1723,8615.0,51.54252,-0.26748
18,2026-08-18T10:59:49.854520,LF75OPR,LF75OPR,Euston,1,490000122E,133,665.0,51.53014,-0.2248
18,2026-08-18T10:59:49.854520,LF75OPM,LF75OPM,Euston,1,490000196C,544,2720.0,51.51991,-0.18942
18,2026-08-18T10:59:49.854520,LF75OPC,LF75OPC,Sudbury,2,490015057H,800,4000.0,51.53289,-0.24019
18,2026-08-18T10:59:49.854520,LF75OOU,LF75OOU,Sudbury,2,490000191B,550,2750.0,51.52362,-0.14661
18,2026-08-18T10:59:49.854520,LF75OOA,LF75OOA,Euston,1,490003444E,1211,6055.0,51.5247,-0.20251
18,2026-08-18T10:59:49.854520,LF75OOA,LF75OOA,Euston,1,490014076E,735,3675.0,51.53138,-0.23133
18,2026-08-18T10:59:49.854520,LF75OPK,LF75OPK,Euston,1,490010332J,482,2410.0,51.54374,-0.27097
18,2026-08-18T10:59:49.854520,LF75OPL,LF75OPL,Sudbury,2,490014315N2,534,2670.0,51.55267,-0.28517
18,2026-08-18T10:59:49.854520,LF75OPD,LF75OPD,Sudbury,2,490005583W,228,1140.0,51.55157,-0.30754
18,2026-08-18T10:59:49.854520,LF75OOA,LF75OOA,Euston,1,490000122E,852,4260.0,51.53014,-0.2248
18,2026-08-18T10:59:49.854520,LF75ORC,LF75ORC,Euston,1,490013826G,1771,8855.0,51.53438,-0.24225
18,2026-08-18T10:59:49.854520,LF75ORC,LF75ORC,Euston,1,490003597G,180,900.0,51.55384,-0.31436
18,2026-08-18T10:59:49.854520,LF75OPN,LF75OPN,Sudbury,2,490008187F,366,1830.0,51.53574,-0.24445
18,2026-08-18T10:59:49.854520,LF75ORH,LF75ORH,Euston,1,490013613E,1657,8285.0,51.52675,-0.20902
18,2026-08-18T10:59:49.854520,LF75OPR,LF75OPR,Euston,1,490015040W,1783,8915.0,51.52202,-0.15888
18,2026-08-18T10:59:49.854520,LF75OPN,LF75OPN,Sudbury,2,490012848W,901,4505.0,51.54105,-0.26183
18,2026-08-18T10:59:49.854520,LF75OPC,LF75OPC,Sudbury,2,490008865W,1328,6640.0,51.54129,-0.25774
18,2026-08-18T10:59:49.854520,LF75ORA,LF75ORA,Euston,1,490003597G,480,2400.0,51.55384,-0.31436
18,2026-08-18T10:59:49.854520,LF75ORC,LF75ORC,Euston,1,490000256F,504,2520.0,51.55243,-0.29755
18,2026-08-18T10:59:49.854520,LF75OOV,LF75OOV,Sudbury,2,490015057H,430,2150.0,51.53289,-0.24019
18,2026-08-18T10:59:49.854520,LF75OPX,LF75OPX,Sudbury,2,490000091G,1254,6270.0,51.5239,-0.14387
18,2026-08-18T10:59:49.854520,LF75OPP,LF75OPP,Sudbury,2,490000077E,1682,8410.0,51.52777,-0.1317
18,2026-08-18T10:59:49.854520,LF75OPV,LF75OPV,Euston,1,490007867E,1500,7500.0,51.54844,-0.27851
18,2026-08-18T10:59:49.854520,LF75OPM,LF75OPM,Euston,1,490000091H,1664,8320.0,51.52402,-0.14291
18,2026-08-18T10:59:49.854520,LF75OPC,LF75OPC,Sudbury,2,490003444W,122,610.0,51.52481,-0.20289
18,2026-08-18T10:59:49.854520,LF75OPR,LF75OPR,Euston,1,490015502N,1648,8240.0,51.52137,-0.16235
18,2026-08-18T10:59:49.854520,LF75OPX,LF75OPX,Sudbury,2,490000252V,1161,5805.0,51.52458,-0.13919
18,2026-08-18T10:59:49.854520,LF75ORA,LF75ORA,Euston,1,490014975E,1252,6260.0,51.54724,-0.27529
18,2026-08-18T10:59:49.854520,LF75ORA,LF75ORA,Euston,1,490014387E2,977,4885.0,51.55361,-0.28835
18,2026-08-18T10:59:49.854520,LF75OPT,LF75OPT,Sudbury,2,490014962W,1110,5550.0,51.53211,-0.23317
18,2026-08-18T10:59:49.854520,LF75OPM,LF75OPM,Euston,1,490015040W,1205,6025.0,51.52202,-0.15888
18,2026-08-18T10:59:49.854520,LF75OPV,LF75OPV,Euston,1,490006299A,968,4840.0,51.55222,-0.30078
18,2026-08-18T10:59:49.854520,LF75ONW,LF75ONW,Euston,1,490006832E,596,2980.0,51.52716,-0.21291
18,2026-08-18T10:59:49.854520,LF75ORH,LF75ORH,Euston,1,490012847E,332,1660.0,51.56001,-0.26468
18,2026-08-18T10:59:49.854520,LF75ORH,LF75ORH,Euston,1,490014076E,1222,6110.0,51.53138,-0.23133
18,2026-08-18T10:59:49.854520,LF75OPV,LF75OPV,Euston,1,490000256F,1120,5600.0,51.55243,-0.29755
18,2026-08-18T10:59:49.854520,LF75ONJ,LF75ONJ,Sudbury,2,490014315N2,1080,5400.0,51.55267,-0.28517
18,2026-08-18T10:59:49.854520,LF75OPR,LF75OPR,Euston,1,490013613E,435,2175.0,51.52675,-0.20902
18,2026-08-18T10:59:49.854520,LF75OOH,LF75OOH,Sudbury,2,490000091G,1590,7950.0,51.5239,-0.14387
18,2026-08-18T10:59:49.854520,LF75ONP,LF75ONP,Sudbury,2,490000011E,273,1365.0,51.52222,-0.15626
18,2026-08-18T10:59:49.854520,LF75OPR,LF75OPR,Euston,1,490012788E,80,400.0,51.53064,-0.22896
18,2026-08-18T10:59:49.854520,LF75OOE,LF75OOE,Euston,1,490013363E,1741,8705.0,51.55189,-0.31017
18,2026-08-18T10:59:49.854520,LF75OPT,LF75OPT,Sudbury,2,490014700W,848,4240.0,51.52841,-0.21747
18,2026-08-18T10:59:49.854520,LF75OPY,LF75OPY,Euston,1,490006299A,1571,7855.0,51.55222,-0.30078
18,2026-08-18T10:59:49.854520,LF75OPN,LF75OPN,Sudbury,2,490013797N,1165,5825.0,51.55025,-0.28209
18,2026-08-18T10:59:49.854520,LF75OOH,LF75OOH,Sudbury,2,490000191B,1635,8175.0,51.52362,-0.14661
18,2026-08-18T10:59:49.854520,LF75OPA,LF75OPA,Euston,1,490000122E,1782,8910.0,51.53014,-0.2248
18,2026-08-18T10:59:49.854520,LF75ORH,LF75ORH,Euston,1,490012788E,1264,6320.0,51.53064,-0.22896
18,2026-08-18T10:59:49.854520,LF75OPK,LF75OPK,Euston,1,490008711X,1733,8665.0,51.52828,-0.21676
18,2026-08-18T10:59:49.854520,LF75OOH,LF75OOH,Sudbury,2,490000078P,1326,6630.0,51.52569,-0.13534
18,2026-08-18T10:59:49.854520,LF75ONL,LF75ONL,Euston,1,490005491E,792,3960.0,51.53243,-0.2362
18,2026-08-18T10:59:49.854520,LF75OPU,LF75OPU,Euston,1,490000011D,325,1625.0,51.52242,-0.15628
18,2026-08-18T10:59:49.854520,LF75OOV,LF75OOV,Sudbury,2,490012848W,1053,5265.0,51.54105,-0.26183
18,2026-08-18T10:59:49.854520,LF75OPY,LF75OPY,Euston,1,490003597G,1380,6900.0,51.55384,-0.31436
18,2026-08-18T10:59:49.854520,LF75OOY,LF75OOY,Euston,1,490015502N,605,3025.0,51.52137,-0.16235
18,2026-08-18T10:59:49.854520,LF75OPT,LF75OPT,Sudbury,2,490000122W,766,3830.0,51.52984,-0.22353
18,2026-08-18T10:59:49.854520,LF75OPU,LF75OPU,Euston,1,490015502N,136,680.0,51.52137,-0.16235
18,2026-08-18T10:59:49.854520,LF75ORC,LF75ORC,Euston,1,490006299A,382,1910.0,51.55222,-0.30078
18,2026-08-18T10:59:49.854520,LF75OPD,LF75OPD,Euston,1,490013797S,1744,8720.0,51.55002,-0.28149
18,2026-08-18T10:59:49.854520,LF75OPY,LF75OPY,Sudbury,2,490004335F,324,1620.0,51.55237,-0.31282
18,2026-08-18T10:59:49.854520,LF75OPA,LF75OPA,Euston,1,490014975E,566,2830.0,51.54724,-0.27529
18,2026-08-18T10:59:49.854520,LF75ONM,LF75ONM,Euston,1,490007807E,595,2975.0,51.52336,-0.14954
18,2026-08-18T10:59:49.854520,LF75ONJ,LF75ONJ,Sudbury,2,490014378M,1213,6065.0,51.55351,-0.2918
18,2026-08-18T10:59:49.854520,LF75ORH,LF75ORH,Euston,1,490011135E,1767,8835.0,51.52571,-0.20437
18,2026-08-18T10:59:49.854520,LF75OPR,LF75OPR,Euston,1,490014076E,16,80.0,51.53138,-0.23133
18,2026-08-18T10:59:49.854520,LF75ONH,LF75ONH,Sudbury,2,490012848W,1634,8170.0,51.54105,-0.26183
18,2026-08-18T10:59:49.854520,LF75ONW,LF75ONW,Euston,1,490000196C,1230,6150.0,51.51991,-0.18942
18,2026-08-18T10:59:49.854520,LF75OPS,LF75OPS,Sudbury,2,490013797N,240,1200.0,51.55025,-0.28209
18,2026-08-18T10:59:49.854520,LF75OPD,LF75OPD,Euston,1,490014387E2,1594,7970.0,51.55361,-0.28835
24,2026-08-18T10:59:49.854520,LTZ1624,LTZ1624,Pimlico,2,490009204E,994,4970.0,51.55356,-0.15872
24,2026-08-18T10:59:49.854520,LTZ1619,LTZ1619,Hampstead Heath,1,490014495R,1568,7840.0,51.49903,-0.13099
24,2026-08-18T10:59:49.854520,LTZ1034,LTZ1034,Pimlico,2,490006798CL,136,680.0,51.54395,-0.14908
24,2026-08-18T10:59:49.854520,LTZ1684,LTZ1684,Pimlico,2,490008376S,807,4035.0,51.50432,-0.12609
24,2026-08-18T10:59:49.854520,LTZ1168,LTZ1168,Hampstead Heath,1,490006798CK,1489,7445.0,51.54427,-0.14932
24,2026-08-18T10:59:49.854520,LTZ1614,LTZ1614,Pimlico,2,490015832E,1467,7335.0,51.48552,-0.14347
24,2026-08-18T10:59:49.854520,LTZ1611,LTZ1611,Hampstead Heath,1,490003837N,1442,7210.0,51.49049,-0.13866
24,2026-08-18T10:59:49.854520,LTZ1164,LTZ1164,Hampstead Heath,1,490010158N,1557,7785.0,51.52737,-0.13874
24,2026-08-18T10:59:49.854520,LTZ1034,LTZ1034,Pimlico,2,490011168S2,592,2960.0,51.53715,-0.13952
24,2026-08-18T10:59:49.854520,LTZ1624,LTZ1624,Pimlico,2,490000036S,1720,8600.0,51.5398,-0.14135
24,2026-08-18T10:59:49.854520,LTZ1624,LTZ1624,Pimlico,2,490005756E,932,4660.0,51.55456,-0.1615
24,2026-08-18T10:59:49.854520,LTZ1624,LTZ1624,Pimlico,2,490011330S2,1164,5820.0,51.54876,-0.15268
24,2026-08-18T10:59:49.854520,LTZ1161,LTZ1161,Pimlico,2,490005756E,1650,8250.0,51.55456,-0.1615
24,2026-08-18T10:59:49.854520,LTZ1684,LTZ1684,Pimlico,2,490000248S,1603,8015.0,51.496,-0.14227
24,2026-08-18T10:59:49.854520,LTZ1611,LTZ1611,Pimlico,2,490015832E,94,470.0,51.48552,-0.14347
24,2026-08-18T10:59:49.854520,LTZ1168,LTZ1168,Hampstead Heath,1,490000252X,587,2935.0,51.52411,-0.13765
24,2026-08-18T10:59:49.854520,LTZ1619,LTZ1619,Hampstead Heath,1,490011003E,442,2210.0,51.48521,-0.1415
24,2026-08-18T10:59:49.854520,LTZ1605,LTZ1605,Pimlico,2,490014259S,97,485.0,51.49282,-0.14054
24,2026-08-18T10:59:49.854520,LTZ1034,LTZ1034,Pimlico,2,490016161S,1794,8970.0,51.50985,-0.12787
24,2026-08-18T10:59:49.854520,LTZ1162,LTZ1162,Hampstead Heath,1,490014495R,1102,5510.0,51.49903,-0.13099
24,2026-08-18T10:59:49.854520,LTZ1168,LTZ1168,Hampstead Heath,1,490012651N,1688,8440.0,51.55075,-0.15628
24,2026-08-18T10:59:49.854520,LTZ1164,LTZ1164,Hampstead Heath,1,490000252X,1279,6395.0,51.52411,-0.13765
24,2026-08-18T10:59:49.854520,LTZ1168,LTZ1168,Hampstead Heath,1,490015041X,1187,5935.0,51.53843,-0.14234
24,2026-08-18T10:59:49.854520,LTZ1025,LTZ1025,Hampstead Heath,1,490000235C,1818,9090.0,51.51767,-0.13154
24,2026-08-18T10:59:49.854520,LTZ1034,LTZ1034,Pimlico,2,490012765S,49,245.0,51.54642,-0.15099
24,2026-08-18T10:59:49.854520,LTZ1168,LTZ1168,Hampstead Heath,1,490004714J,957,4785.0,51.53651,-0.14057
24,2026-08-18T10:59:49.854520,LTZ1162,LTZ1162,Hampstead Heath,1,490005367N,122,610.0,51.48602,-0.13775
24,2026-08-18T10:59:49.854520,LTZ1168,LTZ1168,Hampstead Heath,1,490000152A,868,4340.0,51.53403,-0.13932
24,2026-08-18T10:59:49.854520,LTZ1619,LTZ1619,Hampstead Heath,1,490012708F,701,3505.0,51.48894,-0.13544
24,2026-08-18T10:59:49.854520,LTZ1025,LTZ1025,Hampstead Heath,1,490013767C,1215,6075.0,51.50826,-0.12734
24,2026-08-18T10:59:49.854520,LTZ1162,LTZ1162,Hampstead Heath,1,490011004N,179,895.0,51.4876,-0.13839
24,2026-08-18T10:59:49.854520,LTZ1624,LTZ1624,Pimlico,2,490012765S,1237,6185.0,51.54642,-0.15099
24,2026-08-18T10:59:49.854520,LTZ1168,LTZ1168,Hampstead Heath,1,490000252S,604,3020.0,51.52594,-0.13868
24,2026-08-18T10:59:49.854520,LTZ1164,LTZ1164,Hampstead Heath,1,490000152A,1823,9115.0,51.53403,-0.13932
24,2026-08-18T10:59:49.854520,LTZ1611,LTZ1611,Hampstead Heath,1,490011003E,1102,5510.0,51.48521,-0.1415
24,2026-08-18T10:59:49.854520,LTZ1168,LTZ1168,Hampstead Heath,1,490004695A,101,505.0,51.51434,-0.1298
24,2026-08-18T10:59:49.854520,LTZ1605,LTZ1605,Hampstead Heath,1,490011003E,1762,8810.0,51.48521,-0.1415
24,2026-08-18T10:59:49.854520,LTZ1034,LTZ1034,Pimlico,2,490000235GX,1461,7305.0,51.51539,-0.12995
24,2026-08-18T10:59:49.854520,LTZ1684,LTZ1684,Pimlico,2,490002121ZT,68,340.0,51.52257,-0.13608
24,2026-08-18T10:59:49.854520,LTZ1168,LTZ1168,Hampstead Heath,1,490000089A,408,2040.0,51.52113,-0.13505
24,2026-08-18T10:59:49.854520,LTZ1162,LTZ1162,Hampstead Heath,1,490000248H,614,3070.0,51.49566,-0.14303
24,2026-08-18T10:59:49.854520,LTZ1161,LTZ1161,Hampstead Heath,1,490011760W,550,2750.0,51.55376,-0.16382
24,2026-08-18T10:59:49.854520,LTZ1162,LTZ1162,Hampstead Heath,1,490003837N,385,1925.0,51.49049,-0.13866
24,2026-08-18T10:59:49.854520,LTZ1164,LTZ1164,Hampstead Heath,1,490008376N,309,1545.0,51.50405,-0.12641
24,2026-08-18T10:59:49.854520,LTZ1605,LTZ1605,Pimlico,2,490014504W,418,2090.0,51.48759,-0.14229
24,2026-08-18T10:59:49.854520,LTZ1025,LTZ1025,Hampstead Heath,1,490003384SA,517,2585.0,51.49742,-0.13663
24,2026-08-18T10:59:49.854520,LTZ1684,LTZ1684,Pimlico,2,490016161S,585,2925.0,51.50985,-0.12787
24,2026-08-18T10:59:49.854520,LTZ1025,LTZ1025,Hampstead Heath,1,490010260SC,590,2950.0,51.49773,-0.1347
24,2026-08-18T10:59:49.854520,LTZ1034,LTZ1034,Pimlico,2,490000036S,494,2470.0,51.5398,-0.14135
24,2026-08-18T10:59:49.854520,LTZ1684,LTZ1684,Pimlico,2,490000235GX,367,1835.0,51.51539,-0.12995
24,2026-08-18T10:59:49.854520,LTZ1614,LTZ1614,Pimlico,2,490003384SB,712,3560.0,51.49715,-0.13745
24,2026-08-18T10:59:49.854520,LTZ1631,LTZ1631,Pimlico,2,490013767D,1148,5740.0,51.50819,-0.12706
24,2026-08-18T10:59:49.854520,LTZ1614,LTZ1614,Pimlico,2,490010260SD,527,2635.0,51.49758,-0.1348
24,2026-08-18T10:59:49.854520,LTZ1611,LTZ1611,Hampstead Heath,1,490000248H,1665,8325.0,51.49566,-0.14303
24,2026-08-18T10:59:49.854520,LTZ1614,LTZ1614,Pimlico,2,490014504S,1324,6620.0,51.48672,-0.14522
24,2026-08-18T10:59:49.854520,LTZ1168,LTZ1168,Hampstead Heath,1,490011330N,1670,8350.0,51.54853,-0.1527
24,2026-08-18T10:59:49.854520,LTZ1619,LTZ1619,Hampstead Heath,1,490014259N,896,4480.0,51.49354,-0.14165
24,2026-08-18T10:59:49.854520,LTZ1623,LTZ1623,Hampstead Heath,1,490004714J,399,1995.0,51.53651,-0.14057
24,2026-08-18T10:59:49.854520,LTZ1684,LTZ1684,Pimlico,2,490000135B,514,2570.0,51.51162,-0.12834
24,2026-08-18T10:59:49.854520,LTZ1623,LTZ1623,Hampstead Heath,1,490009017N,1414,7070.0,51.55327,-0.16092
24,2026-08-18T10:59:49.854520,LTZ1603,LTZ1603,Pimlico,2,490007927M,838,4190.0,51.54288,-0.14355
24,2026-08-18T10:59:49.854520,LTZ1161,LTZ1161,Pimlico,2,490012651S,1771,8855.0,51.55169,-0.15719
24,2026-08-18T10:59:49.854520,LTZ1623,LTZ1623,Hampstead Heath,1,490007876O,802,4010.0,51.54229,-0.14693
24,2026-08-18T10:59:49.854520,LTZ1624,LTZ1624,Pimlico,2,490011168S2,1817,9085.0,51.53715,-0.13952
24,2026-08-18T10:59:49.854520,LTZ1624,LTZ1624,Hampstead Heath,1,490011760W,246,1230.0,51.55376,-0.16382
24,2026-08-18T10:59:49.854520,LTZ1624,LTZ1624,Pimlico,2,490012280A,896,4480.0,51.5547,-0.16496
24,2026-08-18T10:59:49.854520,LTZ1631,LTZ1631,Pimlico,2,490002121ZT,537,2685.0,51.52257,-0.13608
24,2026-08-18T10:59:49.854520,LTZ1025,LTZ1025,Hampstead Heath,1,490004695N,1336,6680.0,51.51251,-0.12871
24,2026-08-18T10:59:49.854520,LTZ1164,LTZ1164,Hampstead Heath,1,490000235C,1151,5755.0,51.51767,-0.13154
24,2026-08-18T10:59:49.854520,LTZ1623,LTZ1623,Hampstead Heath,1,490011330N,1016,5080.0,51.54853,-0.1527
24,2026-08-18T10:59:49.854520,LTZ1619,LTZ1619,Hampstead Heath,1,490011004N,587,2935.0,51.4876,-0.13839
24,2026-08-18T10:59:49.854520,LTZ1161,LTZ1161,Hampstead Heath,1,490007876O,199,995.0,51.54229,-0.14693
24,2026-08-18T10:59:49.854520,LTZ1619,LTZ1619,Hampstead Heath,1,490015048A,1821,9105.0,51.50187,-0.12637
24,2026-08-18T10:59:49.854520,LTZ1603,LTZ1603,Pimlico,2,490012280A,235,1175.0,51.5547,-0.16496
24,2026-08-18T10:59:49.854520,LTZ1161,LTZ1161,Pimlico,2,490012280A,1611,8055.0,51.5547,-0.16496
24,2026-08-18T10:59:49.854520,LTZ1619,LTZ1619,Hampstead Heath,1,490003384SA,1311,6555.0,51.49742,-0.13663
24,2026-08-18T10:59:49.854520,LTZ1164,LTZ1164,Hampstead Heath,1,490013767C,609,3045.0,51.50826,-0.12734
24,2026-08-18T10:59:49.854520,LTZ1631,LTZ1631,Pimlico,2,490008376S,1316,6580.0,51.50432,-0.12609
24,2026-08-18T10:59:49.854520,LTZ1168,LTZ1168,Hampstead Heath,1,490009616N,1733,8665.0,51.55234,-0.15774
24,2026-08-18T10:59:49.854520,LTZ1619,LTZ1619,Hampstead Heath,1,490000248H,1005,5025.0,51.49566,-0.14303
24,2026-08-18T10:59:49.854520,LTZ1168,LTZ1168,Hampstead Heath,1,490012765N,1570,7850.0,51.54653,-0.15129
24,2026-08-18T10:59:49.854520,LTZ1161,LTZ1161,Hampstead Heath,1,490012651N,465,2325.0,51.55075,-0.15628
24,2026-08-18T10:59:49.854520,LTZ1624,LTZ1624,Hampstead Heath,1,490009017N,242,1210.0,51.55327,-0.16092
24,2026-08-18T10:59:49.854520,LTZ1624,LTZ1624,Hampstead Heath,1,490012651N,131,655.0,51.55075,-0.15628
24,2026-08-18T10:59:49.854520,LTZ1034,LTZ1034,Pimlico,2,490002124ZZ,1295,6475.0,51.51807,-0.13158
24,2026-08-18T10:59:49.854520,LTZ1603,LTZ1603,Pimlico,2,490000152C,1308,6540.0,51.53344,-0.13862
24,2026-08-18T10:59:49.854520,LTZ1623,LTZ1623,Hampstead Heath,1,490011200N,911,4555.0,51.54551,-0.15003
24,2026-08-18T10:59:49.854520,LTZ1034,LTZ1034,Pimlico,2,490004713D,375,1875.0,51.54197,-0.14103
24,2026-08-18T10:59:49.854520,LTZ1631,LTZ1631,Pimlico,2,490014585N,1267,6335.0,51.50631,-0.12705
24,2026-08-18T10:59:49.854520,LTZ1605,LTZ1605,Pimlico,2,490003179S,364,1820.0,51.48792,-0.13961
24,2026-08-18T10:59:49.854520,LTZ1684,LTZ1684,Pimlico,2,490003837S,1793,8965.0,51.49076,-0.13884
24,2026-08-18T10:59:49.854520,LTZ1025,LTZ1025,Hampstead Heath,1,490014496N,372,1860.0,51.49683,-0.14026
24,2026-08-18T10:59:49.854520,LTZ1623,LTZ1623,Hampstead Heath,1,490000252S,34,170.0,51.52594,-0.13868
24,2026-08-18T10:59:49.854520,LTZ1025,LTZ1025,Hampstead Heath,1,490014495R,655,3275.0,51.49903,-0.13099
24,2026-08-18T10:59:49.854520,LTZ1623,LTZ1623,Hampstead Heath,1,490006798CK,872,4360.0,51.54427,-0.14932
24,2026-08-18T10:59:49.854520,LTZ1605,LTZ1605,Pimlico,2,490003837S,186,930.0,51.49076,-0.13884
24,2026-08-18T10:59:49.854520,LTZ1684,LTZ1684,Pimlico,2,490003384SB,1249,6245.0,51.49715,-0.13745
24,2026-08-18T10:59:49.854520,LTZ1624,LTZ1624,Hampstead Heath,1,490009616N,175,875.0,51.55234,-0.15774
24,2026-08-18T10:59:49.854520,LTZ1025,LTZ1025,Hampstead Heath,1,490008376N,920,4600.0,51.50405,-0.12641
24,2026-08-18T10:59:49.854520,LTZ1161,LTZ1161,Hampstead Heath,1,490012765N,318,1590.0,51.54653,-0.15129
24,2026-08-18T10:59:49.854520,LTZ1168,LTZ1168,Hampstead Heath,1,490007876O,1394,6970.0,51.54229,-0.14693
24,2026-08-18T10:59:49.854520,LTZ1623,LTZ1623,Hampstead Heath,1,490012651N,1098,5490.0,51.55075,-0.15628
24,2026-08-18T10:59:49.854520,LTZ1684,LTZ1684,Pimlico,2,490013767D,683,3415.0,51.50819,-0.12706
24,2026-08-18T10:59:49.854520,LTZ1614,LTZ1614,Pimlico,2,490003837S,1155,5775.0,51.49076,-0.13884
24,2026-08-18T10:59:49.854520,LTZ1162,LTZ1162,Hampstead Heath,1,490010260SC,980,4900.0,51.49773,-0.1347
24,2026-08-18T10:59:49.854520,LTZ1631,LTZ1631,Pimlico,2,490010260SD,1819,9095.0,51.49758,-0.1348
24,2026-08-18T10:59:49.854520,LTZ1162,LTZ1162,Hampstead Heath,1,490014496N,807,4035.0,51.49683,-0.14026
24,2026-08-18T10:59:49.854520,LTZ1603,LTZ1603,Pimlico,2,490000036S,1027,5135.0,51.5398,-0.14135
24,2026-08-18T10:59:49.854520,LTZ1611,LTZ1611,Hampstead Heath,1,490011004N,1244,6220.0,51.4876,-0.13839
24,2026-08-18T10:59:49.854520,LTZ1161,LTZ1161,Pimlico,2,490009204E,1712,8560.0,51.55356,-0.15872
24,2026-08-18T10:59:49.854520,LTZ1619,LTZ1619,Hampstead Heath,1,490014496N,1213,6065.0,51.49683,-0.14026
24,2026-08-18T10:59:49.854520,LTZ1603,LTZ1603,Pimlico,2,490011168S2,1117,5585.0,51.53715,-0.13952
24,2026-08-18T10:59:49.854520,LTZ1623,LTZ1623,Hampstead Heath,1,490000152A,312,1560.0,51.53403,-0.13932
24,2026-08-18T10:59:49.854520,LTZ1603,LTZ1603,Pimlico,2,490009204E,331,1655.0,51.55356,-0.15872
24,2026-08-18T10:59:49.854520,LTZ1611,LTZ1611,Hampstead Heath,1,490005367N,1184,5920.0,51.48602,-0.13775
24,2026-08-18T10:59:49.854520,LTZ1034,LTZ1034,Pimlico,2,490012158S,773,3865.0,51.53074,-0.1386
24,2026-08-18T10:59:49.854520,LTZ1614,LTZ1614,Pimlico,2,490008376S,210,1050.0,51.50432,-0.12609
24,2026-08-18T10:59:49.854520,LTZ1162,LTZ1162,Hampstead Heath,1,490013767C,1620,8100.0,51.50826,-0.12734
24,2026-08-18T10:59:49.854520,LTZ1034,LTZ1034,Pimlico,2,490005084Z,1216,6080.0,51.52059,-0.13423
24,2026-08-18T10:59:49.854520,LTZ1614,LTZ1614,Pimlico,2,490014504W,1270,6350.0,51.48759,-0.14229
24,2026-08-18T10:59:49.854520,LTZ1605,LTZ1605,Pimlico,2,490014504S,538,2690.0,51.48672,-0.14522
24,2026-08-18T10:59:49.854520,LTZ1614,LTZ1614,Pimlico,2,490014496M,833,4165.0,51.4966,-0.1411
24,2026-08-18T10:59:49.854520,LTZ1614,LTZ1614,Pimlico,2,490012708G,1103,5515.0,51.489,-0.13516
24,2026-08-18T10:59:49.854520,LTZ1605,LTZ1605,Pimlico,2,490012708G,308,1540.0,51.489,-0.13516
24,2026-08-18T10:59:49.854520,LTZ1025,LTZ1025,Hampstead Heath,1,490000248H,186,930.0,51.49566,-0.14303
24,2026-08-18T10:59:49.854520,LTZ1631,LTZ1631,Pimlico,2,490012158S,202,1010.0,51.53074,-0.1386
24,2026-08-18T10:59:49.854520,LTZ1162,LTZ1162,Hampstead Heath,1,490015048A,1163,5815.0,51.50187,-0.12637
24,2026-08-18T10:59:49.854520,LTZ1603,LTZ1603,Pimlico,2,490012765S,587,2935.0,51.54642,-0.15099
24,2026-08-18T10:59:49.854520,LTZ1614,LTZ1614,Pimlico,2,490003179S,1218,6090.0,51.48792,-0.13961
24,2026-08-18T10:59:49.854520,LTZ1614,LTZ1614,Pimlico,2,490013767D,76,380.0,51.50819,-0.12706
24,2026-08-18T10:59:49.854520,LTZ1025,LTZ1025,Hampstead Heath,1,490014259N,78,390.0,51.49354,-0.14165
24,2026-08-18T10:59:49.854520,LTZ1624,LTZ1624,Pimlico,2,490011330S,1115,5575.0,51.55032,-0.15397
24,2026-08-18T10:59:49.854520,LTZ1624,LTZ1624,Hampstead Heath,1,490011330N,31,155.0,51.54853,-0.1527
24,2026-08-18T10:59:49.854520,LTZ1631,LTZ1631,Pimlico,2,490000235GX,761,3805.0,51.51539,-0.12995
24,2026-08-18T10:59:49.854520,LTZ1623,LTZ1623,Hampstead Heath,1,490009616N,1143,5715.0,51.55234,-0.15774
24,2026-08-18T10:59:49.854520,LTZ1611,LTZ1611,Pimlico,2,490014504S,23,115.0,51.48672,-0.14522
24,2026-08-18T10:59:49.854520,LTZ1164,LTZ1164,Hampstead Heath,1,490000135A,694,3470.0,51.51059,-0.12853
24,2026-08-18T10:59:49.854520,LTZ1614,LTZ1614,Pimlico,2,490015048T,286,1430.0,51.50248,-0.126
24,2026-08-18T10:59:49.854520,LTZ1603,LTZ1603,Pimlico,2,490010158S,1605,8025.0,51.52707,-0.13852
24,2026-08-18T10:59:49.854520,LTZ1631,LTZ1631,Pimlico,2,490004695D,850,4250.0,51.51341,-0.12921
24,2026-08-18T10:59:49.854520,LTZ1168,LTZ1168,Hampstead Heath,1,490011200N,1530,7650.0,51.54551,-0.15003
24,2026-08-18T10:59:49.854520,LTZ1034,LTZ1034,Pimlico,2,490000152C,568,2840.0,51.53344,-0.13862
24,2026-08-18T10:59:49.854520,LTZ1164,LTZ1164,Hampstead Heath,1,490004695N,762,3810.0,51.51251,-0.12871
24,2026-08-18T10:59:49.854520,LTZ1614,LTZ1614,Pimlico,2,490000248S,908,4540.0,51.496,-0.14227
24,2026-08-18T10:59:49.854520,LTZ1168,LTZ1168,Hampstead Heath,1,490000235C,288,1440.0,51.51767,-0.13154
24,2026-08-18T10:59:49.854520,LTZ1034,LTZ1034,Pimlico,2,490004695D,1557,7785.0,51.51341,-0.12921
24,2026-08-18T10:59:49.854520,LTZ1624,LTZ1624,Pimlico,2,490012651S,1047,5235.0,51.55169,-0.15719
24,2026-08-18T10:59:49.854520,LTZ1603,LTZ1603,Pimlico,2,490004713D,913,4565.0,51.54197,-0.14103
24,2026-08-18T10:59:49.854520,LTZ1684,LTZ1684,Pimlico,2,490014259S,1694,8470.0,51.49282,-0.14054
24,2026-08-18T10:59:49.854520,LTZ1631,LTZ1631,Pimlico,2,490010158S,342,1710.0,51.52707,-0.13852
24,2026-08-18T10:59:49.854520,LTZ1623,LTZ1623,Hampstead Heath,1,490015041X,595,2975.0,51.53843,-0.14234
24,2026-08-18T10:59:49.854520,LTZ1631,LTZ1631,Pimlico,2,490016161S,1006,5030.0,51.50985,-0.12787
24,2026-08-18T10:59:49.854520,LTZ1631,LTZ1631,Pimlico,2,490005084Z,641,3205.0,51.52059,-0.13423
24,2026-08-18T10:59:49.854520,LTZ1603,LTZ1603,Pimlico,2,490012158S,1489,7445.0,51.53074,-0.1386
24,2026-08-18T10:59:49.854520,LTZ1164,LTZ1164,Hampstead Heath,1,490004695A,883,4415.0,51.51434,-0.1298
24,2026-08-18T10:59:49.854520,LTZ1623,LTZ1623,Hampstead Heath,1,490011760W,1458,7290.0,51.55376,-0.16382
24,2026-08-18T10:59:49.854520,LTZ1034,LTZ1034,Pimlico,2,490002121ZT,1117,5585.0,51.52257,-0.13608
24,2026-08-18T10:59:49.854520,LTZ1603,LTZ1603,Pimlico,2,490005756E,272,1360.0,51.55456,-0.1615
24,2026-08-18T10:59:49.854520,LTZ1684,LTZ1684,Pimlico,2,490015048T,884,4420.0,51.50248,-0.126
24,2026-08-18T10:59:49.854520,LTZ1603,LTZ1603,Pimlico,2,490011330S,456,2280.0,51.55032,-0.15397
24,2026-08-18T10:59:49.854520,LTZ1611,LTZ1611,Hampstead Heath,1,490014259N,1560,7800.0,51.49354,-0.14165
24,2026-08-18T10:59:49.854520,LTZ1631,LTZ1631,Pimlico,2,490015048T,1391,6955.0,51.50248,-0.126
24,2026-08-18T10:59:49.854520,LTZ1603,LTZ1603,Pimlico,2,490011330S2,505,2525.0,51.54876,-0.15268
24,2026-08-18T10:59:49.854520,LTZ1164,LTZ1164,Hampstead Heath,1,490015048A,231,1155.0,51.50187,-0.12637
24,2026-08-18T10:59:49.854520,LTZ1025,LTZ1025,Hampstead Heath,1,490000135A,1300,6500.0,51.51059,-0.12853
24,2026-08-18T10:59:49.854520,LTZ1611,LTZ1611,Hampstead Heath,1,490012708F,1361,6805.0,51.48894,-0.13544
24,2026-08-18T10:59:49.854520,LTZ1614,LTZ1614,Pimlico,2,490014259S,1015,5075.0,51.49282,-0.14054
24,2026-08-18T10:59:49.854520,LTZ1162,LTZ1162,Hampstead Heath,1,490011003E,46,230.0,51.48521,-0.1415
24,2026-08-18T10:59:49.854520,LTZ1603,LTZ1603,Pimlico,2,490012651S,391,1955.0,51.55169,-0.15719
24,2026-08-18T10:59:49.854520,LTZ1684,LTZ1684,Pimlico,2,490005084Z,154,770.0,51.52059,-0.13423
24,2026-08-18T10:59:49.854520,LTZ1619,LTZ1619,Hampstead Heath,1,490005367N,524,2620.0,51.48602,-0.13775
24,2026-08-18T10:59:49.854520,LTZ1614,LTZ1614,Pimlico,2,490011004W,1123,5615.0,51.48828,-0.13734
24,2026-08-18T10:59:49.854520,LTZ1034,LTZ1034,Pimlico,2,490010158S,894,4470.0,51.52707,-0.13852
24,2026-08-18T10:59:49.854520,LTZ1684,LTZ1684,Pimlico,2,490002124ZZ,240,1200.0,51.51807,-0.13158
24,2026-08-18T10:59:49.854520,LTZ1025,LTZ1025,Hampstead Heath,1,490004695A,1520,7600.0,51.51434,-0.1298
24,2026-08-18T10:59:49.854520,LTZ1684,LTZ1684,Pimlico,2,490014585N,723,3615.0,51.50631,-0.12705
24,2026-08-18T10:59:49.854520,LTZ1164,LTZ1164,Hampstead Heath,1,490000089A,1302,6510.0,51.52113,-0.13505
24,2026-08-18T10:59:49.854520,LTZ1684,LTZ1684,Pimlico,2,490014496M,1524,7620.0,51.4966,-0.1411
24,2026-08-18T10:59:49.854520,LTZ1162,LTZ1162,Hampstead Heath,1,490003384SA,905,4525.0,51.49742,-0.13663
24,2026-08-18T10:59:49.854520,LTZ1162,LTZ1162,Hampstead Heath,1,490014259N,506,2530.0,51.49354,-0.14165
24,2026-08-18T10:59:49.854520,LTZ1614,LTZ1614,Pimlico,2,490014585N,127,635.0,51.50631,-0.12705
24,2026-08-18T10:59:49.854520,LTZ1624,LTZ1624,Pimlico,2,490004713D,1588,7940.0,51.54197,-0.14103
24,2026-08-18T10:59:49.854520,LTZ1034,LTZ1034,Pimlico,2,490007927M,346,1730.0,51.54288,-0.14355
24,2026-08-18T10:59:49.854520,LTZ1162,LTZ1162,Hampstead Heath,1,490008376N,1236,6180.0,51.50405,-0.12641
24,2026-08-18T10:59:49.854520,LTZ1164,LTZ1164,Hampstead Heath,1,490000252S,1478,7390.0,51.52594,-0.13868
24,2026-08-18T10:59:49.854520,LTZ1161,LTZ1161,Hampstead Heath,1,490006798CK,269,1345.0,51.54427,-0.14932
24,2026-08-18T10:59:49.854520,LTZ1619,LTZ1619,Hampstead Heath,1,490003837N,783,3915.0,51.49049,-0.13866
24,2026-08-18T10:59:49.854520,LTZ1623,LTZ1623,Hampstead Heath,1,490010158N,114,570.0,51.52737,-0.13874
24,2026-08-18T10:59:49.854520,LTZ1631,LTZ1631,Pimlico,2,490000135B,943,4715.0,51.51162,-0.12834
24,2026-08-18T10:59:49.854520,LTZ1605,LTZ1605,Pimlico,2,490011004W,321,1605.0,51.48828,-0.13734
24,2026-08-18T10:59:49.854520,LTZ1161,LTZ1161,Hampstead Heath,1,490011200N,313,1565.0,51.54551,-0.15003
24,2026-08-18T10:59:49.854520,LTZ1161,LTZ1161,Pimlico,2,490011330S,1840,9200.0,51.55032,-0.15397
24,2026-08-18T10:59:49.854520,LTZ1603,LTZ1603,Pimlico,2,490002121ZT,1841,9205.0,51.52257,-0.13608
24,2026-08-18T10:59:49.854520,LTZ1034,LTZ1034,Pimlico,2,490000135B,1631,8155.0,51.51162,-0.12834
24,2026-08-18T10:59:49.854520,LTZ1631,LTZ1631,Pimlico,2,490002124ZZ,636,3180.0,51.51807,-0.13158
24,2026-08-18T10:59:49.854520,LTZ1631,LTZ1631,Pimlico,2,490015042U,392,1960.0,51.52581,-0.13847
24,2026-08-18T10:59:49.854520,LTZ1168,LTZ1168,Hampstead Heath,1,490010158N,683,3415.0,51.52737,-0.13874
24,2026-08-18T10:59:49.854520,LTZ1034,LTZ1034,Pimlico,2,490015042U,970,4850.0,51.52581,-0.13847
24,2026-08-18T10:59:49.854520,LTZ1684,LTZ1684,Pimlico,2,490010260SD,1130,5650.0,51.49758,-0.1348
24,2026-08-18T10:59:49.854520,LTZ1025,LTZ1025,Hampstead Heath,1,490015048A,811,4055.0,51.50187,-0.12637
24,2026-08-18T10:59:49.854520,LTZ1619,LTZ1619,Hampstead Heath,1,490010260SC,1391,6955.0,51.49773,-0.1347
24,2026-08-18T10:59:49.854520,LTZ1603,LTZ1603,Pimlico,2,490006798CL,661,3305.0,51.54395,-0.14908
24,2026-08-18T10:59:49.854520,LTZ1624,LTZ1624,Pimlico,2,490007927M,1516,7580.0,51.54288,-0.14355
24,2026-08-18T10:59:49.854520,LTZ1161,LTZ1161,Hampstead Heath,1,490011330N,383,1915.0,51.54853,-0.1527
24,2026-08-18T10:59:49.854520,LTZ1624,LTZ1624,Pimlico,2,490006798CL,1317,6585.0,51.54395,-0.14908
24,2026-08-18T10:59:49.854520,LTZ1162,LTZ1162,Hampstead Heath,1,490012708F,297,1485.0,51.48894,-0.13544
24,2026-08-18T10:59:49.854520,LTZ1161,LTZ1161,Hampstead Heath,1,490009017N,579,2895.0,51.55327,-0.16092
24,2026-08-18T10:59:49.854520,LTZ1603,LTZ1603,Pimlico,2,490015042U,1690,8450.0,51.52581,-0.13847
24,2026-08-18T10:59:49.854520,LTZ1684,LTZ1684,Pimlico,2,490004695D,417,2085.0,51.51341,-0.12921
24,2026-08-18T10:59:49.854520,LTZ1605,LTZ1605,Hampstead Heath,1,490015832E,1749,8745.0,51.48552,-0.14347
24,2026-08-18T10:59:49.854520,LTZ1623,LTZ1623,Hampstead Heath,1,490012765N,951,4755.0,51.54653,-0.15129
24,2026-08-18T10:59:49.854520,LTZ1161,LTZ1161,Hampstead Heath,1,490009616N,510,2550.0,51.55234,-0.15774
25,2026-08-18T10:59:49.854520,SK20AXV,SK20AXV,"City Thameslink, Holborn Viaduct",1,490000004W,765,3825.0,51.51465,-0.07321
25,2026-08-18T10:59:49.854520,SK20BDY,SK20BDY,"City Thameslink, Holborn Viaduct",1,490003468W,1278,6390.0,51.54397,0.01376
25,2026-08-18T10:59:49.854520,SK20AYJ,SK20AYJ,"City Thameslink, Holborn Viaduct",1,490006827W,1407,7035.0,51.51694,-0.06778
25,2026-08-18T10:59:49.854520,SK20BBU,SK20BBU,"City Thameslink, Holborn Viaduct",1,490013541A,701,3505.0,51.51891,-0.06043
25,2026-08-18T10:59:49.854520,SK20BDO,SK20BDO,"Ilford, Hainault Street",2,490006917F,1501,7505.0,51.54646,0.02441
25,2026-08-18T10:59:49.854520,SK20AYW,SK20AYW,"City Thameslink, Holborn Viaduct",1,490006827W,611,3055.0,51.51694,-0.06778
25,2026-08-18T10:59:49.854520,SK20AYM,SK20AYM,"City Thameslink, Holborn Viaduct",1,490007657V,1639,8195.0,51.55932,0.07601
25,2026-08-18T10:59:49.854520,SK20AYS,SK20AYS,"City Thameslink, Holborn Viaduct",1,490012783W,433,2165.0,51.51342,-0.0827
25,2026-08-18T10:59:49.854520,SK20AYU,SK20AYU,"City Thameslink, Holborn Viaduct",1,490014269W,1706,8530.0,51.54287,0.0099
25,2026-08-18T10:59:49.854520,SK20AYW,SK20AYW,"City Thameslink, Holborn Viaduct",1,490000013E,1484,7420.0,51.51327,-0.08775
25,2026-08-18T10:59:49.854520,SK20AYS,SK20AYS,"City Thameslink, Holborn Viaduct",1,490015124Z,744,3720.0,51.51419,-0.09505
25,2026-08-18T10:59:49.854520,SK20AYD,SK20AYD,"Ilford, Hainault Street",2,490012755E,1050,5250.0,51.51333,-0.07887
25,2026-08-18T10:59:49.854520,SK20BDY,SK20BDY,"City Thameslink, Holborn Viaduct",1,490008189W,586,2930.0,51.55112,0.04868
25,2026-08-18T10:59:49.854520,SK20AYW,SK20AYW,"City Thameslink, Holborn Viaduct",1,490000003R,1142,5710.0,51.51408,-0.07493
25,2026-08-18T10:59:49.854520,SK20AZC,SK20AZC,"Ilford, Hainault Street",2,490015114G,1544,7720.0,51.54079,0.0011
25,2026-08-18T10:59:49.854520,SK20AYP,SK20AYP,"Ilford, Hainault Street",2,490008189E,1032,5160.0,51.55042,0.04671
25,2026-08-18T10:59:49.854520,SK20AYW,SK20AYW,"City Thameslink, Holborn Viaduct",1,490015508W1,290,1450.0,51.52114,-0.04924
25,2026-08-18T10:59:49.854520,SK20BDU,SK20BDU,"City Thameslink, Holborn Viaduct",1,490012648K,1161,5805.0,51.52606,-0.02956
25,2026-08-18T10:59:49.854520,SK20BBU,SK20BBU,"City Thameslink, Holborn Viaduct",1,490000004W,1329,6645.0,51.51465,-0.07321
25,2026-08-18T10:59:49.854520,SK20BBX,SK20BBX,"City Thameslink, Holborn Viaduct",1,490012904T,1231,6155.0,51.54094,-0.00246
25,2026-08-18T10:59:49.854520,SK20BDV,SK20BDV,"City Thameslink, Holborn Viaduct",1,490012783W,355,1775.0,51.51342,-0.0827
25,2026-08-18T10:59:49.854520,SK20BBE,SK20BBE,"Ilford, Hainault Street",2,490014269E,179,895.0,51.54266,0.00861
25,2026-08-18T10:59:49.854520,SK20AZJ,SK20AZJ,"City Thameslink, Holborn Viaduct",1,490003468W,337,1685.0,51.54397,0.01376
25,2026-08-18T10:59:49.854520,SK20AYA,SK20AYA,"Ilford, Hainault Street",2,490003468E,371,1855.0,51.54446,0.01538
25,2026-08-18T10:59:49.854520,SK20AYL,SK20AYL,"Ilford, Hainault Street",2,490015079E,1303,6515.0,51.51345,-0.08499
25,2026-08-18T10:59:49.854520,SK20AZC,SK20AZC,"Ilford, Hainault Street",2,490012904N,935,4675.0,51.54144,-0.00238
25,2026-08-18T10:59:49.854520,SK20AYP,SK20AYP,"Ilford, Hainault Street",2,490007657S,1721,8605.0,51.55959,0.07589
25,2026-08-18T10:59:49.854520,SK20BDY,SK20BDY,"City Thameslink, Holborn Viaduct",1,490006917E,1048,5240.0,51.54653,0.02685
25,2026-08-18T10:59:49.854520,SK20AZC,SK20AZC,"Ilford, Hainault Street",2,490014215N,706,3530.0,51.53689,-0.00366
25,2026-08-18T10:59:49.854520,SK20BBE,SK20BBE,"Ilford, Hainault Street",2,490001341H,645,3225.0,51.54919,0.04318
25,2026-08-18T10:59:49.854520,SK20BCE,SK20BCE,"Ilford, Hainault Street",2,490013480E,865,4325.0,51.54233,0.00499
25,2026-08-18T10:59:49.854520,SK20AXV,SK20AXV,"City Thameslink, Holborn Viaduct",1,490012153F,172,860.0,51.51994,-0.05537
25,2026-08-18T10:59:49.854520,SK20BBE,SK20BBE,"Ilford, Hainault Street",2,490008189E,712,3560.0,51.55042,0.04671
25,2026-08-18T10:59:49.854520,SK20AYP,SK20AYP,"Ilford, Hainault Street",2,490009570E,1170,5850.0,51.55257,0.05281
25,2026-08-18T10:59:49.854520,SK20BBX,SK20BBX,"City Thameslink, Holborn Viaduct",1,490004815S,1531,7655.0,51.53735,-0.00257
25,2026-08-18T10:59:49.854520,SK20AYV,SK20AYV,"City Thameslink, Holborn Viaduct",1,490015096W,218,1090.0,51.51802,-0.10679
25,2026-08-18T10:59:49.854520,SK20BBX,SK20BBX,"City Thameslink, Holborn Viaduct",1,490008189W,150,750.0,51.55112,0.04868
25,2026-08-18T10:59:49.854520,SK20AYU,SK20AYU,"City Thameslink, Holborn Viaduct",1,490008603W,1262,6310.0,51.54741,0.03517
25,2026-08-18T10:59:49.854520,SK20BDE,SK20BDE,"Ilford, Hainault Street",2,490012783E,410,2050.0,51.51351,-0.08275
25,2026-08-18T10:59:49.854520,SK20AYJ,SK20AYJ,"City Thameslink, Holborn Viaduct",1,490000003R,1661,8305.0,51.51408,-0.07493
25,2026-08-18T10:59:49.854520,SK20AYP,SK20AYP,"Ilford, Hainault Street",2,490010328E,1410,7050.0,51.55601,0.06383
25,2026-08-18T10:59:49.854520,SK20BBE,SK20BBE,"Ilford, Hainault Street",2,490006917F,378,1890.0,51.54646,0.02441
25,2026-08-18T10:59:49.854520,SK20BDE,SK20BDE,"Ilford, Hainault Street",2,490009873D,975,4875.0,51.51941,-0.05879
25,2026-08-18T10:59:49.854520,SK20AYW,SK20AYW,"City Thameslink, Holborn Viaduct",1,490010513W,126,630.0,51.52225,-0.04227
25,2026-08-18T10:59:49.854520,SK20AYG,SK20AYG,"City Thameslink, Holborn Viaduct",1,490009570W,1341,6705.0,51.55338,0.05531
25,2026-08-18T10:59:49.854520,SK20AYJ,SK20AYJ,"City Thameslink, Holborn Viaduct",1,490011315W,760,3800.0,51.52316,-0.0392
25,2026-08-18T10:59:49.854520,SK20BDU,SK20BDU,"City Thameslink, Holborn Viaduct",1,490002019B,893,4465.0,51.52794,-0.02047
25,2026-08-18T10:59:49.854520,SK20BDE,SK20BDE,"Ilford, Hainault Street",2,490000146D,1526,7630.0,51.52537,-0.03392
25,2026-08-18T10:59:49.854520,SK20BBE,SK20BBE,"Ilford, Hainault Street",2,490009563E,346,1730.0,51.54584,0.02063
25,2026-08-18T10:59:49.854520,SK20BCE,SK20BCE,"Ilford, Hainault Street",2,490009695MA,124,620.0,51.53128,-0.0112
25,2026-08-18T10:59:49.854520,SK20AYG,SK20AYG,"City Thameslink, Holborn Viaduct",1,490008603W,1714,8570.0,51.54741,0.03517
25,2026-08-18T10:59:49.854520,SK20AYP,SK20AYP,"Ilford, Hainault Street",2,490012904B,43,215.0,51.541,-0.00191
25,2026-08-18T10:59:49.854520,SK20AYN,SK20AYN,"City Thameslink, Holborn Viaduct",1,490012648K,1752,8760.0,51.52606,-0.02956
25,2026-08-18T10:59:49.854520,SK20BDU,SK20BDU,"City Thameslink, Holborn Viaduct",1,490012153F,1684,8420.0,51.51994,-0.05537
25,2026-08-18T10:59:49.854520,SK20AYZ,SK20AYZ,"Ilford, Hainault Street",2,490012904B,1332,6660.0,51.541,-0.00191
25,2026-08-18T10:59:49.854520,SK20AYP,SK20AYP,"Ilford, Hainault Street",2,490008466R,1668,8340.0,51.55815,0.07435
25,2026-08-18T10:59:49.854520,SK20AYW,SK20AYW,"City Thameslink, Holborn Viaduct",1,490007596L,1600,8000.0,51.51365,-0.09155
25,2026-08-18T10:59:49.854520,SK20AZC,SK20AZC,"Ilford, Hainault Street",2,490002019A,285,1425.0,51.52806,-0.02075
25,2026-08-18T10:59:49.854520,SK20AYW,SK20AYW,"City Thameslink, Holborn Viaduct",1,490013541A,464,2320.0,51.51891,-0.06043
25,2026-08-18T10:59:49.854520,SK20AYA,SK20AYA,"Ilford, Hainault Street",2,490008189E,762,3810.0,51.55042,0.04671
25,2026-08-18T10:59:49.854520,SK20BCE,SK20BCE,"Ilford, Hainault Street",2,490008603E,1362,6810.0,51.54777,0.03658
25,2026-08-18T10:59:49.854520,SK20AZJ,SK20AZJ,"City Thameslink, Holborn Viaduct",1,490015114E,594,2970.0,51.54126,0.00262
25,2026-08-18T10:59:49.854520,SK20AYW,SK20AYW,"City Thameslink, Holborn Viaduct",1,490004147W,343,1715.0,51.52036,-0.05313
25,2026-08-18T10:59:49.854520,SK20AYZ,SK20AYZ,"Ilford, Hainault Street",2,490012904N,1316,6580.0,51.54144,-0.00238
25,2026-08-18T10:59:49.854520,SK20AYZ,SK20AYZ,"Ilford, Hainault Street",2,490002019A,738,3690.0,51.52806,-0.02075
25,2026-08-18T10:59:49.854520,SK20AYP,SK20AYP,"Ilford, Hainault Street",2,490012005E,1234,6170.0,51.55363,0.05565
25,2026-08-18T10:59:49.854520,SK20AYG,SK20AYG,"City Thameslink, Holborn Viaduct",1,490009219W,1242,6210.0,51.55447,0.05937
25,2026-08-18T10:59:49.854520,SK20AYV,SK20AYV,"Ilford, Hainault Street",2,490007596K,1588,7940.0,51.51374,-0.09146
25,2026-08-18T10:59:49.854520,SK20BCE,SK20BCE,"Ilford, Hainault Street",2,490012131E,1404,7020.0,51.54835,0.0398
25,2026-08-18T10:59:49.854520,SK20BCE,SK20BCE,"Ilford, Hainault Street",2,490009570E,1646,8230.0,51.55257,0.05281
25,2026-08-18T10:59:49.854520,SK20AYU,SK20AYU,"City Thameslink, Holborn Viaduct",1,490006059W,685,3425.0,51.55528,0.06203
25,2026-08-18T10:59:49.854520,SK20AYL,SK20AYL,"Ilford, Hainault Street",2,490001067Q,700,3500.0,51.51689,-0.10373
25,2026-08-18T10:59:49.854520,SK20AYD,SK20AYD,"Ilford, Hainault Street",2,490018832E,1380,6900.0,51.5167,-0.06852
25,2026-08-18T10:59:49.854520,SK20AXV,SK20AXV,"City Thameslink, Holborn Viaduct",1,490006827W,432,2160.0,51.51694,-0.06778
25,2026-08-18T10:59:49.854520,SK20BDE,SK20BDE,"Ilford, Hainault Street",2,490010258J,856,4280.0,51.51819,-0.06452
25,2026-08-18T10:59:49.854520,SK20AYN,SK20AYN,"City Thameslink, Holborn Viaduct",1,490014269W,286,1430.0,51.54287,0.0099
25,2026-08-18T10:59:49.854520,SK20AYJ,SK20AYJ,"City Thameslink, Holborn Viaduct",1,490000220W2,929,4645.0,51.5217,-0.04665
25,2026-08-18T10:59:49.854520,SK20AYW,SK20AYW,"City Thameslink, Holborn Viaduct",1,490012755W,1277,6385.0,51.51327,-0.07938
25,2026-08-18T10:59:49.854520,SK20BCZ,SK20BCZ,"Ilford, Hainault Street",2,490012648L,1342,6710.0,51.52639,-0.0292
25,2026-08-18T10:59:49.854520,SK20AZJ,SK20AZJ,"City Thameslink, Holborn Viaduct",1,490014269W,367,1835.0,51.54287,0.0099
25,2026-08-18T10:59:49.854520,SK20BDE,SK20BDE,"Ilford, Hainault Street",2,490018832E,941,4705.0,51.5167,-0.06852
25,2026-08-18T10:59:49.854520,SK20AYS,SK20AYS,"City Thameslink, Holborn Viaduct",1,490012755W,342,1710.0,51.51327,-0.07938
25,2026-08-18T10:59:49.854520,SK20BCZ,SK20BCZ,"Ilford, Hainault Street",2,490010513E,878,4390.0,51.52223,-0.04475
25,2026-08-18T10:59:49.854520,SK20AYD,SK20AYD,"Ilford, Hainault Street",2,490000220E1,1769,8845.0,51.52177,-0.04699
25,2026-08-18T10:59:49.854520,SK20AXV,SK20AXV,"City Thameslink, Holborn Viaduct",1,490000225T,1560,7800.0,51.51525,-0.09851
25,2026-08-18T10:59:49.854520,SK20BCE,SK20BCE,"Ilford, Hainault Street",2,490014269E,918,4590.0,51.54266,0.00861
25,2026-08-18T10:59:49.854520,SK20AYN,SK20AYN,"City Thameslink, Holborn Viaduct",1,490000029Z,1640,8200.0,51.52735,-0.02403
25,2026-08-18T10:59:49.854520,SK20AZC,SK20AZC,"Ilford, Hainault Street",2,490004215M,404,2020.0,51.52895,-0.01688
25,2026-08-18T10:59:49.854520,SK20AXY,SK20AXY,"Ilford, Hainault Street",2,490008467F,381,1905.0,51.55816,0.06891
25,2026-08-18T10:59:49.854520,SK20BCE,SK20BCE,"Ilford, Hainault Street",2,490001341H,1446,7230.0,51.54919,0.04318
25,2026-08-18T10:59:49.854520,SK20AYU,SK20AYU,"City Thameslink, Holborn Viaduct",1,490006856W,940,4700.0,51.55196,0.05137
25,2026-08-18T10:59:49.854520,SK20AYS,SK20AYS,"City Thameslink, Holborn Viaduct",1,490001067N,937,4685.0,51.51642,-0.10258
25,2026-08-18T10:59:49.854520,SK20AYL,SK20AYL,"Ilford, Hainault Street",2,490000004E,1667,8335.0,51.5155,-0.07143
25,2026-08-18T10:59:49.854520,SK20AYJ,SK20AYJ,"City Thameslink, Holborn Viaduct",1,490010258K,1243,6215.0,51.51785,-0.06504
25,2026-08-18T10:59:49.854520,SK20BCZ,SK20BCZ,"Ilford, Hainault Street",2,490002019A,1426,7130.0,51.52806,-0.02075
25,2026-08-18T10:59:49.854520,SK20BDE,SK20BDE,"Ilford, Hainault Street",2,490007341E,1459,7295.0,51.52435,-0.03709
25,2026-08-18T10:59:49.854520,SK20BBU,SK20BBU,"City Thameslink, Holborn Viaduct",1,490006827W,1020,5100.0,51.51694,-0.06778
25,2026-08-18T10:59:49.854520,SK20BDU,SK20BDU,"City Thameslink, Holborn Viaduct",1,490000220W2,1496,7480.0,51.5217,-0.04665
25,2026-08-18T10:59:49.854520,SK20BBU,SK20BBU,"City Thameslink, Holborn Viaduct",1,490000013E,1674,8370.0,51.51327,-0.08775
25,2026-08-18T10:59:49.854520,SK20BBU,SK20BBU,"City Thameslink, Holborn Viaduct",1,490012755W,1550,7750.0,51.51327,-0.07938
25,2026-08-18T10:59:49.854520,SK20BBE,SK20BBE,"Ilford, Hainault Street",2,490007497E,555,2775.0,51.5471,0.03191
25,2026-08-18T10:59:49.854520,SK20BCZ,SK20BCZ,"Ilford, Hainault Street",2,490003025E,1712,8560.0,51.53465,-0.00655
25,2026-08-18T10:59:49.854520,SK20BDE,SK20BDE,"Ilford, Hainault Street",2,490012648L,1583,7915.0,51.52639,-0.0292
25,2026-08-18T10:59:49.854520,SK20BCE,SK20BCE,"Ilford, Hainault Street",2,490012005E,1712,8560.0,51.55363,0.05565
25,2026-08-18T10:59:49.854520,SK20AYL,SK20AYL,"Ilford, Hainault Street",2,490018832E,1741,8705.0,51.5167,-0.06852
25,2026-08-18T10:59:49.854520,SK20AYP,SK20AYP,"Ilford, Hainault Street",2,490007497E,784,3920.0,51.5471,0.03191
25,2026-08-18T10:59:49.854520,SK20AXW,SK20AXW,"Ilford, Hainault Street",2,490000225S,1750,8750.0,51.51572,-0.09984
25,2026-08-18T10:59:49.854520,SK20AYG,SK20AYG,"City Thameslink, Holborn Viaduct",1,490006856W,1420,7100.0,51.55196,0.05137
25,2026-08-18T10:59:49.854520,SK20BBE,SK20BBE,"Ilford, Hainault Street",2,490009570E,829,4145.0,51.55257,0.05281
25,2026-08-18T10:59:49.854520,SK20BDV,SK20BDV,"City Thameslink, Holborn Viaduct",1,490015124Z,621,3105.0,51.51419,-0.09505
25,2026-08-18T10:59:49.854520,SK20AYJ,SK20AYJ,"City Thameslink, Holborn Viaduct",1,490012153F,1080,5400.0,51.51994,-0.05537
25,2026-08-18T10:59:49.854520,SK20BDV,SK20BDV,"City Thameslink, Holborn Viaduct",1,490005027N,1066,5330.0,51.51801,-0.10544
25,2026-08-18T10:59:49.854520,SK20BDV,SK20BDV,"City Thameslink, Holborn Viaduct",1,490015096W,1103,5515.0,51.51802,-0.10679
25,2026-08-18T10:59:49.854520,SK20AYJ,SK20AYJ,"City Thameslink, Holborn Viaduct",1,490002019B,266,1330.0,51.52794,-0.02047
25,2026-08-18T10:59:49.854520,SK20BCZ,SK20BCZ,"Ilford, Hainault Street",2,490018832E,407,2035.0,51.5167,-0.06852
25,2026-08-18T10:59:49.854520,SK20AZC,SK20AZC,"Ilford, Hainault Street",2,490009695MA,562,2810.0,51.53128,-0.0112
25,2026-08-18T10:59:49.854520,SK20AYV,SK20AYV,"Ilford, Hainault Street",2,490012783E,1823,9115.0,51.51351,-0.08275
25,2026-08-18T10:59:49.854520,SK20AYU,SK20AYU,"City Thameslink, Holborn Viaduct",1,490009570W,861,4305.0,51.55338,0.05531
25,2026-08-18T10:59:49.854520,SK20AYP,SK20AYP,"Ilford, Hainault Street",2,490008603E,875,4375.0,51.54777,0.03658
25,2026-08-18T10:59:49.854520,SK20AYJ,SK20AYJ,"City Thameslink, Holborn Viaduct",1,490000029Z,463,2315.0,51.52735,-0.02403
25,2026-08-18T10:59:49.854520,SK20BCE,SK20BCE,"Ilford, Hainault Street",2,490003468E,1010,5050.0,51.54446,0.01538
25,2026-08-18T10:59:49.854520,SK20BDE,SK20BDE,"Ilford, Hainault Street",2,49000225SY,67,335.0,51.51443,-0.09563
25,2026-08-18T10:59:49.854520,SK20AZJ,SK20AZJ,"City Thameslink, Holborn Viaduct",1,490002019B,1461,7305.0,51.52794,-0.02047
25,2026-08-18T10:59:49.854520,SK20AYZ,SK20AYZ,"Ilford, Hainault Street",2,490004215M,972,4860.0,51.52895,-0.01688
25,2026-08-18T10:59:49.854520,SK20AXW,SK20AXW,"Ilford, Hainault Street",2,490001067Q,1664,8320.0,51.51689,-0.10373
25,2026-08-18T10:59:49.854520,SK20AYG,SK20AYG,"City Thameslink, Holborn Viaduct",1,490007497W,1804,9020.0,51.54681,0.03029
25,2026-08-18T10:59:49.854520,SK20BBX,SK20BBX,"City Thameslink, Holborn Viaduct",1,490007497W,486,2430.0,51.54681,0.03029
25,2026-08-18T10:59:49.854520,SK20BDE,SK20BDE,"Ilford, Hainault Street",2,490000029Q,1641,8205.0,51.52712,-0.02587
25,2026-08-18T10:59:49.854520,SK20BCE,SK20BCE,"Ilford, Hainault Street",2,490009563E,1084,5420.0,51.54584,0.02063
25,2026-08-18T10:59:49.854520,SK20AYU,SK20AYU,"City Thameslink, Holborn Viaduct",1,490007497W,1359,6795.0,51.54681,0.03029
25,2026-08-18T10:59:49.854520,SK20AYL,SK20AYL,"Ilford, Hainault Street",2,490010258J,1825,9125.0,51.51819,-0.06452
25,2026-08-18T10:59:49.854520,SK20BDO,SK20BDO,"Ilford, Hainault Street",2,490007497E,1592,7960.0,51.5471,0.03191
25,2026-08-18T10:59:49.854520,SK20AYZ,SK20AYZ,"Ilford, Hainault Street",2,490000029Q,712,3560.0,51.52712,-0.02587
25,2026-08-18T10:59:49.854520,SK20BDO,SK20BDO,"Ilford, Hainault Street",2,490009563E,1436,7180.0,51.54584,0.02063
25,2026-08-18T10:59:49.854520,SK20BDE,SK20BDE,"Ilford, Hainault Street",2,490011315E,1420,7100.0,51.52281,-0.04085
25,2026-08-18T10:59:49.854520,SK20AXY,SK20AXY,"Ilford, Hainault Street",2,490007657S,490,2450.0,51.55959,0.07589
25,2026-08-18T10:59:49.854520,SK20AYA,SK20AYA,"Ilford, Hainault Street",2,490008467F,1271,6355.0,51.55816,0.06891
25,2026-08-18T10:59:49.854520,SK20BDU,SK20BDU,"City Thameslink, Holborn Viaduct",1,490014249S,375,1875.0,51.53584,-0.00458
25,2026-08-18T10:59:49.854520,SK20BBU,SK20BBU,"City Thameslink, Holborn Viaduct",1,490000146C,168,840.0,51.52536,-0.03313
25,2026-08-18T10:59:49.854520,SK20AXW,SK20AXW,"Ilford, Hainault Street",2,490008275K,1639,8195.0,51.51758,-0.10638
25,2026-08-18T10:59:49.854520,SK20AYV,SK20AYV,"Ilford, Hainault Street",2,490008275K,1159,5795.0,51.51758,-0.10638
25,2026-08-18T10:59:49.854520,SK20AYD,SK20AYD,"Ilford, Hainault Street",2,490000003Y,1199,5995.0,51.514293,-0.074735
25,2026-08-18T10:59:49.854520,SK20AXV,SK20AXV,"City Thameslink, Holborn Viaduct",1,490005027N,1814,9070.0,51.51801,-0.10544
25,2026-08-18T10:59:49.854520,SK20AYW,SK20AYW,"City Thameslink, Holborn Viaduct",1,490000225T,1798,8990.0,51.51525,-0.09851
25,2026-08-18T10:59:49.854520,SK20AYD,SK20AYD,"Ilford, Hainault Street",2,490004147G,1629,8145.0,51.52034,-0.05414
25,2026-08-18T10:59:49.854520,SK20BCE,SK20BCE,"Ilford, Hainault Street",2,490008189E,1514,7570.0,51.55042,0.04671
25,2026-08-18T10:59:49.854520,SK20AYA,SK20AYA,"Ilford, Hainault Street",2,490004986P,1445,7225.0,51.55769,0.07024
25,2026-08-18T10:59:49.854520,SK20AYD,SK20AYD,"Ilford, Hainault Street",2,490000004E,1302,6510.0,51.5155,-0.07143
25,2026-08-18T10:59:49.854520,SK20BCZ,SK20BCZ,"Ilford, Hainault Street",2,490004215M,1550,7750.0,51.52895,-0.01688
25,2026-08-18T10:59:49.854520,SK20BDO,SK20BDO,"Ilford, Hainault Street",2,490009695MA,36,180.0,51.53128,-0.0112
25,2026-08-18T10:59:49.854520,SK20AYG,SK20AYG,"City Thameslink, Holborn Viaduct",1,490007657V,739,3695.0,51.55932,0.07601
25,2026-08-18T10:59:49.854520,SK20BDY,SK20BDY,"City Thameslink, Holborn Viaduct",1,490015114E,1450,7250.0,51.54126,0.00262
25,2026-08-18T10:59:49.854520,SK20AYP,SK20AYP,"Ilford, Hainault Street",2,490009563E,602,3010.0,51.54584,0.02063
25,2026-08-18T10:59:49.854520,SK20BDU,SK20BDU,"City Thameslink, Holborn Viaduct",1,490004206J,755,3775.0,51.52841,-0.01722
25,2026-08-18T10:59:49.854520,SK20AYA,SK20AYA,"Ilford, Hainault Street",2,490009563E,421,2105.0,51.54584,0.02063
25,2026-08-18T10:59:49.854520,SK20AYV,SK20AYV,"Ilford, Hainault Street",2,490000225S,1282,6410.0,51.51572,-0.09984
25,2026-08-18T10:59:49.854520,SK20AYS,SK20AYS,"City Thameslink, Holborn Viaduct",1,490000225T,852,4260.0,51.51525,-0.09851
25,2026-08-18T10:59:49.854520,SK20BBE,SK20BBE,"Ilford, Hainault Street",2,490008467F,1175,5875.0,51.55816,0.06891
25,2026-08-18T10:59:49.854520,SK20AYV,SK20AYV,"Ilford, Hainault Street",2,490015079E,1763,8815.0,51.51345,-0.08499
25,2026-08-18T10:59:49.854520,SK20AYG,SK20AYG,"City Thameslink, Holborn Viaduct",1,490001341G,1551,7755.0,51.54918,0.04365
25,2026-08-18T10:59:49.854520,SK20BDE,SK20BDE,"Ilford, Hainault Street",2,490015079E,309,1545.0,51.51345,-0.08499
25,2026-08-18T10:59:49.854520,SK20AYU,SK20AYU,"City Thameslink, Holborn Viaduct",1,490008466Q1,327,1635.0,51.55785,0.07405
25,2026-08-18T10:59:49.854520,SK20BBE,SK20BBE,"Ilford, Hainault Street",2,490013480E,124,620.0,51.54233,0.00499
25,2026-08-18T10:59:49.854520,SK20BDY,SK20BDY,"City Thameslink, Holborn Viaduct",1,490012414W,1121,5605.0,51.54615,0.02289
25,2026-08-18T10:59:49.854520,SK20AYJ,SK20AYJ,"City Thameslink, Holborn Viaduct",1,490012648K,546,2730.0,51.52606,-0.02956
25,2026-08-18T10:59:49.854520,SK20AYU,SK20AYU,"City Thameslink, Holborn Viaduct",1,490004985Y,559,2795.0,51.55736,0.06785
25,2026-08-18T10:59:49.854520,SK20BBU,SK20BBU,"City Thameslink, Holborn Viaduct",1,490012153F,594,2970.0,51.51994,-0.05537
25,2026-08-18T10:59:49.854520,SK20AYA,SK20AYA,"Ilford, Hainault Street",2,490006856E,857,4285.0,51.5519,0.05072
25,2026-08-18T10:59:49.854520,SK20AZC,SK20AZC,"Ilford, Hainault Street",2,490013480E,1722,8610.0,51.54233,0.00499
25,2026-08-18T10:59:49.854520,SK20BBU,SK20BBU,"City Thameslink, Holborn Viaduct",1,490012783W,1650,8250.0,51.51342,-0.0827
25,2026-08-18T10:59:49.854520,SK20AYA,SK20AYA,"Ilford, Hainault Street",2,490014269E,280,1400.0,51.54266,0.00861
25,2026-08-18T10:59:49.854520,SK20BBU,SK20BBU,"City Thameslink, Holborn Viaduct",1,490012648K,96,480.0,51.52606,-0.02956
25,2026-08-18T10:59:49.854520,SK20BBX,SK20BBX,"City Thameslink, Holborn Viaduct",1,490001341G,192,960.0,51.54918,0.04365
25,2026-08-18T10:59:49.854520,SK20AYN,SK20AYN,"City Thameslink, Holborn Viaduct",1,490004815S,819,4095.0,51.53735,-0.00257
25,2026-08-18T10:59:49.854520,SK20BDY,SK20BDY,"City Thameslink, Holborn Viaduct",1,490004985Y,172,860.0,51.55736,0.06785
25,2026-08-18T10:59:49.854520,SK20AXW,SK20AXW,"City Thameslink, Holborn Viaduct",1,490001067N,246,1230.0,51.51642,-0.10258
25,2026-08-18T10:59:49.854520,SK20BDY,SK20BDY,"City Thameslink, Holborn Viaduct",1,490012904T,1690,8450.0,51.54094,-0.00246
25,2026-08-18T10:59:49.854520,SK20BDO,SK20BDO,"Ilford, Hainault Street",2,490012131E,1824,9120.0,51.54835,0.0398
25,2026-08-18T10:59:49.854520,SK20BDU,SK20BDU,"City Thameslink, Holborn Viaduct",1,490007341W,1331,6655.0,51.52433,-0.03669
25,2026-08-18T10:59:49.854520,SK20BDV,SK20BDV,"City Thameslink, Holborn Viaduct",1,490007596L,532,2660.0,51.51365,-0.09155
25,2026-08-18T10:59:49.854520,SK20AXV,SK20AXV,"City Thameslink, Holborn Viaduct",1,490000003R,660,3300.0,51.51408,-0.07493
25,2026-08-18T10:59:49.854520,SK20AYA,SK20AYA,"Ilford, Hainault Street",2,490006917F,480,2400.0,51.54646,0.02441
25,2026-08-18T10:59:49.854520,SK20BDE,SK20BDE,"Ilford, Hainault Street",2,490012755E,459,2295.0,51.51333,-0.07887
25,2026-08-18T10:59:49.854520,SK20BCZ,SK20BCZ,"Ilford, Hainault Street",2,490007341E,1167,5835.0,51.52435,-0.03709
25,2026-08-18T10:59:49.854520,SK20AYJ,SK20AYJ,"City Thameslink, Holborn Viaduct",1,490007341W,712,3560.0,51.52433,-0.03669
25,2026-08-18T10:59:49.854520,SK20BDO,SK20BDO,"Ilford, Hainault Street",2,490014269E,1392,6960.0,51.54266,0.00861
25,2026-08-18T10:59:49.854520,SK20BDO,SK20BDO,"Ilford, Hainault Street",2,490008603E,1729,8645.0,51.54777,0.03658
25,2026-08-18T10:59:49.854520,SK20AYP,SK20AYP,"Ilford, Hainault Street",2,490003468E,529,2645.0,51.54446,0.01538
25,2026-08-18T10:59:49.854520,SK20AXW,SK20AXW,"City Thameslink, Holborn Viaduct",1,490000225T,131,655.0,51.51525,-0.09851
25,2026-08-18T10:59:49.854520,SK20AZJ,SK20AZJ,"City Thameslink, Holborn Viaduct",1,490012904T,765,3825.0,51.54094,-0.00246
25,2026-08-18T10:59:49.854520,SK20AYJ,SK20AYJ,"City Thameslink, Holborn Viaduct",1,490000004W,1565,7825.0,51.51465,-0.07321
25,2026-08-18T10:59:49.854520,SK20BDO,SK20BDO,"Ilford, Hainault Street",2,490003025E,157,785.0,51.53465,-0.00655
25,2026-08-18T10:59:49.854520,SK20BBU,SK20BBU,"City Thameslink, Holborn Viaduct",1,490015508W1,490,2450.0,51.52114,-0.04924
25,2026-08-18T10:59:49.854520,SK20AZJ,SK20AZJ,"City Thameslink, Holborn Viaduct",1,490014249S,1021,5105.0,51.53584,-0.00458
25,2026-08-18T10:59:49.854520,SK20AZJ,SK20AZJ,"City Thameslink, Holborn Viaduct",1,490006917E,98,490.0,51.54653,0.02685
25,2026-08-18T10:59:49.854520,SK20BDY,SK20BDY,"City Thameslink, Holborn Viaduct",1,490009219W,331,1655.0,51.55447,0.05937
25,2026-08-18T10:59:49.854520,SK20AYZ,SK20AYZ,"Ilford, Hainault Street",2,490007341E,531,2655.0,51.52435,-0.03709
25,2026-08-18T10:59:49.854520,SK20AYU,SK20AYU,"City Thameslink, Holborn Viaduct",1,490006917E,1434,7170.0,51.54653,0.02685
25,2026-08-18T10:59:49.854520,SK20AYG,SK20AYG,"City Thameslink, Holborn Viaduct",1,490008466Q1,807,4035.0,51.55785,0.07405
25,2026-08-18T10:59:49.854520,SK20AYG,SK20AYG,"City Thameslink, Holborn Viaduct",1,490008189W,1465,7325.0,51.55112,0.04868
25,2026-08-18T10:59:49.854520,SK20AYZ,SK20AYZ,"Ilford, Hainault Street",2,490015508E2,293,1465.0,51.52091,-0.05115
25,2026-08-18T10:59:49.854520,SK20BDU,SK20BDU,"City Thameslink, Holborn Viaduct",1,490011315W,1383,6915.0,51.52316,-0.0392
25,2026-08-18T10:59:49.854520,SK20AXV,SK20AXV,"City Thameslink, Holborn Viaduct",1,490013541A,255,1275.0,51.51891,-0.06043
25,2026-08-18T10:59:49.854520,SK20BDY,SK20BDY,"City Thameslink, Holborn Viaduct",1,490009570W,441,2205.0,51.55338,0.05531
25,2026-08-18T10:59:49.854520,SK20BDV,SK20BDV,"City Thameslink, Holborn Viaduct",1,490012755W,263,1315.0,51.51327,-0.07938
25,2026-08-18T10:59:49.854520,SK20BCE,SK20BCE,"Ilford, Hainault Street",2,490003025E,212,1060.0,51.53465,-0.00655
25,2026-08-18T10:59:49.854520,SK20BCZ,SK20BCZ,"Ilford, Hainault Street",2,490009695MA,1626,8130.0,51.53128,-0.0112
25,2026-08-18T10:59:49.854520,SK20BBU,SK20BBU,"City Thameslink, Holborn Viaduct",1,490011315W,301,1505.0,51.52316,-0.0392
25,2026-08-18T10:59:49.854520,SK20BDO,SK20BDO,"Ilford, Hainault Street",2,490015114G,1251,6255.0,51.54079,0.0011
25,2026-08-18T10:59:49.854520,SK20BDE,SK20BDE,"Ilford, Hainault Street",2,490000003Y,551,2755.0,51.514293,-0.074735
25,2026-08-18T10:59:49.854520,SK20AYL,SK20AYL,"Ilford, Hainault Street",2,490000225S,802,4010.0,51.51572,-0.09984
25,2026-08-18T10:59:49.854520,SK20AYS,SK20AYS,"City Thameslink, Holborn Viaduct",1,490007596L,670,3350.0,51.51365,-0.09155
25,2026-08-18T10:59:49.854520,SK20AYW,SK20AYW,"City Thameslink, Holborn Viaduct",1,490000004W,1039,5195.0,51.51465,-0.07321
25,2026-08-18T10:59:49.854520,SK20BDY,SK20BDY,"City Thameslink, Holborn Viaduct",1,490007497W,966,4830.0,51.54681,0.03029
25,2026-08-18T10:59:49.854520,SK20AZJ,SK20AZJ,"City Thameslink, Holborn Viaduct",1,490003025W,1143,5715.0,51.53378,-0.00718
25,2026-08-18T10:59:49.854520,SK20AYA,SK20AYA,"Ilford, Hainault Street",2,490007657S,1542,7710.0,51.55959,0.07589
25,2026-08-18T10:59:49.854520,SK20BDO,SK20BDO,"Ilford, Hainault Street",2,490013480E,1338,6690.0,51.54233,0.00499
25,2026-08-18T10:59:49.854520,SK20BCE,SK20BCE,"Ilford, Hainault Street",2,490007497E,1267,6335.0,51.5471,0.03191
25,2026-08-18T10:59:49.854520,SK20AYJ,SK20AYJ,"City Thameslink, Holborn Viaduct",1,490015508W1,991,4955.0,51.52114,-0.04924
25,2026-08-18T10:59:49.854520,SK20AYL,SK20AYL,"Ilford, Hainault Street",2,490000013D,1262,6310.0,51.51338,-0.0876
25,2026-08-18T10:59:49.854520,SK20AYS,SK20AYS,"City Thameslink, Holborn Viaduct",1,490005027N,1075,5375.0,51.51801,-0.10544
25,2026-08-18T10:59:49.854520,SK20AYZ,SK20AYZ,"Ilford, Hainault Street",2,490003025E,1173,5865.0,51.53465,-0.00655
25,2026-08-18T10:59:49.854520,SK20BDE,SK20BDE,"Ilford, Hainault Street",2,490007596K,176,880.0,51.51374,-0.09146
25,2026-08-18T10:59:49.854520,SK20AYD,SK20AYD,"Ilford, Hainault Street",2,490009873D,1575,7875.0,51.51941,-0.05879
25,2026-08-18T10:59:49.854520,SK20BDY,SK20BDY,"City Thameslink, Holborn Viaduct",1,490006856W,520,2600.0,51.55196,0.05137
25,2026-08-18T10:59:49.854520,SK20BCE,SK20BCE,"Ilford, Hainault Street",2,490006856E,1591,7955.0,51.5519,0.05072
25,2026-08-18T10:59:49.854520,SK20BBE,SK20BBE,"Ilford, Hainault Street",2,490003468E,295,1475.0,51.54446,0.01538
25,2026-08-18T10:59:49.854520,SK20AYN,SK20AYN,"City Thameslink, Holborn Viaduct",1,490004206J,1243,6215.0,51.52841,-0.01722
25,2026-08-18T10:59:49.854520,SK20AYA,SK20AYA,"Ilford, Hainault Street",2,490015114G,123,615.0,51.54079,0.0011
25,2026-08-18T10:59:49.854520,SK20BDU,SK20BDU,"City Thameslink, Holborn Viaduct",1,490010513W,1408,7040.0,51.52225,-0.04227
25,2026-08-18T10:59:49.854520,SK20AYJ,SK20AYJ,"City Thameslink, Holborn Viaduct",1,490004206J,137,685.0,51.52841,-0.01722
25,2026-08-18T10:59:49.854520,SK20BDU,SK20BDU,"City Thameslink, Holborn Viaduct",1,490012904T,1,5.0,51.54094,-0.00246
25,2026-08-18T10:59:49.854520,SK20AYZ,SK20AYZ,"Ilford, Hainault Street",2,490000220E1,346,1730.0,51.52177,-0.04699
25,2026-08-18T10:59:49.854520,SK20BDO,SK20BDO,"Ilford, Hainault Street",2,490003468E,1393,6965.0,51.54446,0.01538
25,2026-08-18T10:59:49.854520,SK20AYL,SK20AYL,"Ilford, Hainault Street",2,490000003Y,1579,7895.0,51.514293,-0.074735
25,2026-08-18T10:59:49.854520,SK20AZC,SK20AZC,"Ilford, Hainault Street",2,490000146D,74,370.0,51.52537,-0.03392
25,2026-08-18T10:59:49.854520,SK20BBX,SK20BBX,"City Thameslink, Holborn Viaduct",1,490003468W,798,3990.0,51.54397,0.01376
25,2026-08-18T10:59:49.854520,SK20AYP,SK20AYP,"Ilford, Hainault Street",2,490006917F,664,3320.0,51.54646,0.02441
25,2026-08-18T10:59:49.854520,SK20AYW,SK20AYW,"City Thameslink, Holborn Viaduct",1,490012783W,1340,6700.0,51.51342,-0.0827
25,2026-08-18T10:59:49.854520,SK20BCE,SK20BCE,"Ilford, Hainault Street",2,490012904N,444,2220.0,51.54144,-0.00238
25,2026-08-18T10:59:49.854520,SK20AYP,SK20AYP,"Ilford, Hainault Street",2,490014269E,432,2160.0,51.54266,0.00861
25,2026-08-18T10:59:49.854520,SK20AXV,SK20AXV,"City Thameslink, Holborn Viaduct",1,490010258K,322,1610.0,51.51785,-0.06504
25,2026-08-18T10:59:49.854520,SK20AZJ,SK20AZJ,"City Thameslink, Holborn Viaduct",1,490012414W,186,930.0,51.54615,0.02289
25,2026-08-18T10:59:49.854520,SK20BDY,SK20BDY,"City Thameslink, Holborn Viaduct",1,490001341G,672,3360.0,51.54918,0.04365
25,2026-08-18T10:59:49.854520,SK20AYV,SK20AYV,"Ilford, Hainault Street",2,49000225SY,1468,7340.0,51.51443,-0.09563
25,2026-08-18T10:59:49.854520,SK20AYA,SK20AYA,"City Thameslink, Holborn Viaduct",1,490008466Q1,1645,8225.0,51.55785,0.07405
25,2026-08-18T10:59:49.854520,SK20BDE,SK20BDE,"Ilford, Hainault Street",2,490000004E,868,4340.0,51.5155,-0.07143
25,2026-08-18T10:59:49.854520,SK20AZC,SK20AZC,"Ilford, Hainault Street",2,490003025E,635,3175.0,51.53465,-0.00655
25,2026-08-18T10:59:49.854520,SK20AXV,SK20AXV,"City Thameslink, Holborn Viaduct",1,490012755W,993,4965.0,51.51327,-0.07938
25,2026-08-18T10:59:49.854520,SK20BBE,SK20BBE,"Ilford, Hainault Street",2,490006856E,797,3985.0,51.5519,0.05072
25,2026-08-18T10:59:49.854520,SK20AXY,SK20AXY,"Ilford, Hainault Street",2,490012005E,112,560.0,51.55363,0.05565
25,2026-08-18T10:59:49.854520,SK20AYU,SK20AYU,"City Thameslink, Holborn Viaduct",1,490003468W,1633,8165.0,51.54397,0.01376
25,2026-08-18T10:59:49.854520,SK20BBE,SK20BBE,"Ilford, Hainault Street",2,490008603E,524,2620.0,51.54777,0.03658
25,2026-08-18T10:59:49.854520,SK20AZC,SK20AZC,"Ilford, Hainault Street",2,490000029Q,194,970.0,51.52712,-0.02587
25,2026-08-18T10:59:49.854520,SK20AZJ,SK20AZJ,"City Thameslink, Holborn Viaduct",1,490004206J,1358,6790.0,51.52841,-0.01722
25,2026-08-18T10:59:49.854520,SK20BDE,SK20BDE,"Ilford, Hainault Street",2,490000220E1,1390,6950.0,51.52177,-0.04699
25,2026-08-18T10:59:49.854520,SK20BBX,SK20BBX,"City Thameslink, Holborn Viaduct",1,490006936W,696,3480.0,51.54541,0.01933
25,2026-08-18T10:59:49.854520,SK20AYP,SK20AYP,"Ilford, Hainault Street",2,490006856E,1110,5550.0,51.5519,0.05072
25,2026-08-18T10:59:49.854520,SK20BBU,SK20BBU,"City Thameslink, Holborn Viaduct",1,490000003R,1451,7255.0,51.51408,-0.07493
25,2026-08-18T10:59:49.854520,SK20AYL,SK20AYL,"Ilford, Hainault Street",2,49000225SY,1021,5105.0,51.51443,-0.09563
25,2026-08-18T10:59:49.854520,SK20AYL,SK20AYL,"Ilford, Hainault Street",2,490012783E,1358,6790.0,51.51351,-0.08275
25,2026-08-18T10:59:49.854520,SK20AXY,SK20AXY,"Ilford, Hainault Street",2,490009570E,58,290.0,51.55257,0.05281
25,2026-08-18T10:59:49.854520,SK20BDU,SK20BDU,"City Thameslink, Holborn Viaduct",1,490000029Z,1089,5445.0,51.52735,-0.02403
25,2026-08-18T10:59:49.854520,SK20BDU,SK20BDU,"City Thameslink, Holborn Viaduct",1,490003025W,487,2435.0,51.53378,-0.00718
25,2026-08-18T10:59:49.854520,SK20AYA,SK20AYA,"Ilford, Hainault Street",2,490008603E,653,3265.0,51.54777,0.03658
25,2026-08-18T10:59:49.854520,SK20AYA,SK20AYA,"City Thameslink, Holborn Viaduct",1,490007657V,1599,7995.0,51.55932,0.07601
25,2026-08-18T10:59:49.854520,SK20BBX,SK20BBX,"City Thameslink, Holborn Viaduct",1,490004215P,1790,8950.0,51.53031,-0.01208
25,2026-08-18T10:59:49.854520,SK20BDE,SK20BDE,"Ilford, Hainault Street",2,490000013D,280,1400.0,51.51338,-0.0876
25,2026-08-18T10:59:49.854520,SK20AYJ,SK20AYJ,"City Thameslink, Holborn Viaduct",1,490000146C,625,3125.0,51.52536,-0.03313
25,2026-08-18T10:59:49.854520,SK20AYD,SK20AYD,"Ilford, Hainault Street",2,49000225SY,598,2990.0,51.51443,-0.09563
25,2026-08-18T10:59:49.854520,SK20BCE,SK20BCE,"Ilford, Hainault Street",2,490015114G,772,3860.0,51.54079,0.0011
25,2026-08-18T10:59:49.854520,SK20AYA,SK20AYA,"Ilford, Hainault Street",2,490012131E,695,3475.0,51.54835,0.0398
25,2026-08-18T10:59:49.854520,SK20BBE,SK20BBE,"Ilford, Hainault Street",2,490008466R,1352,6760.0,51.55815,0.07435
25,2026-08-18T10:59:49.854520,SK20BBX,SK20BBX,"City Thameslink, Holborn Viaduct",1,490006917E,554,2770.0,51.54653,0.02685
25,2026-08-18T10:59:49.854520,SK20AYP,SK20AYP,"Ilford, Hainault Street",2,490015114G,292,1460.0,51.54079,0.0011
25,2026-08-18T10:59:49.854520,SK20BDE,SK20BDE,"Ilford, Hainault Street",2,490015508E2,1299,6495.0,51.52091,-0.05115
25,2026-08-18T10:59:49.854520,SK20AYD,SK20AYD,"Ilford, Hainault Street",2,490008275K,259,1295.0,51.51758,-0.10638
25,2026-08-18T10:59:49.854520,SK20AYD,SK20AYD,"Ilford, Hainault Street",2,490012783E,969,4845.0,51.51351,-0.08275
25,2026-08-18T10:59:49.854520,SK20AYP,SK20AYP,"Ilford, Hainault Street",2,490001341H,966,4830.0,51.54919,0.04318
25,2026-08-18T10:59:49.854520,SK20AYW,SK20AYW,"City Thameslink, Holborn Viaduct",1,490015124Z,1667,8335.0,51.51419,-0.09505
25,2026-08-18T10:59:49.854520,SK20AYP,SK20AYP,"Ilford, Hainault Street",2,490013480E,378,1890.0,51.54233,0.00499
25,2026-08-18T10:59:49.854520,SK20AYV,SK20AYV,"City Thameslink, Holborn Viaduct",1,490005027N,160,800.0,51.51801,-0.10544
25,2026-08-18T10:59:49.854520,SK20AYA,SK20AYA,"Ilford, Hainault Street",2,490007497E,559,2795.0,51.5471,0.03191
25,2026-08-18T10:59:49.854520,SK20AYA,SK20AYA,"Ilford, Hainault Street",2,490010328E,1135,5675.0,51.55601,0.06383
25,2026-08-18T10:59:49.854520,SK20AYU,SK20AYU,"City Thameslink, Holborn Viaduct",1,490008465L,416,2080.0,51.5584,0.07067
25,2026-08-18T10:59:49.854520,SK20BDY,SK20BDY,"City Thameslink, Holborn Viaduct",1,490006936W,1188,5940.0,51.54541,0.01933
25,2026-08-18T10:59:49.854520,SK20AYZ,SK20AYZ,"Ilford, Hainault Street",2,490014215N,1257,6285.0,51.53689,-0.00366
25,2026-08-18T10:59:49.854520,SK20BBE,SK20BBE,"Ilford, Hainault Street",2,490010328E,1074,5370.0,51.55601,0.06383
25,2026-08-18T10:59:49.854520,SK20AYP,SK20AYP,"Ilford, Hainault Street",2,490004986P,1577,7885.0,51.55769,0.07024
25,2026-08-18T10:59:49.854520,SK20AYN,SK20AYN,"City Thameslink, Holborn Viaduct",1,490012414W,82,410.0,51.54615,0.02289
25,2026-08-18T10:59:49.854520,SK20AYJ,SK20AYJ,"City Thameslink, Holborn Viaduct",1,490004147W,1053,5265.0,51.52036,-0.05313
25,2026-08-18T10:59:49.854520,SK20AYA,SK20AYA,"Ilford, Hainault Street",2,490012904B,34,170.0,51.541,-0.00191
25,2026-08-18T10:59:49.854520,SK20BBX,SK20BBX,"City Thameslink, Holborn Viaduct",1,490008603W,362,1810.0,51.54741,0.03517
25,2026-08-18T10:59:49.854520,SK20AYD,SK20AYD,"Ilford, Hainault Street",2,490000013D,839,4195.0,51.51338,-0.0876
25,2026-08-18T10:59:49.854520,SK20AYS,SK20AYS,"City Thameslink, Holborn Viaduct",1,490000004W,127,635.0,51.51465,-0.07321
25,2026-08-18T10:59:49.854520,SK20BBX,SK20BBX,"City Thameslink, Holborn Viaduct",1,490012414W,641,3205.0,51.54615,0.02289
25,2026-08-18T10:59:49.854520,SK20BDO,SK20BDO,"Ilford, Hainault Street",2,490014215N,236,1180.0,51.53689,-0.00366
25,2026-08-18T10:59:49.854520,SK20AYM,SK20AYM,"City Thameslink, Holborn Viaduct",1,490008466Q1,1708,8540.0,51.55785,0.07405
25,2026-08-18T10:59:49.854520,SK20AXY,SK20AXY,"Ilford, Hainault Street",2,490004986P,341,1705.0,51.55769,0.07024
25,2026-08-18T10:59:49.854520,SK20BDY,SK20BDY,"City Thameslink, Holborn Viaduct",1,490006059W,265,1325.0,51.55528,0.06203
25,2026-08-18T10:59:49.854520,SK20BBE,SK20BBE,"Ilford, Hainault Street",2,490012131E,601,3005.0,51.54835,0.0398
25,2026-08-18T10:59:49.854520,SK20AYN,SK20AYN,"City Thameslink, Holborn Viaduct",1,490004215P,1150,5750.0,51.53031,-0.01208
25,2026-08-18T10:59:49.854520,SK20AYU,SK20AYU,"City Thameslink, Holborn Viaduct",1,490007657V,259,1295.0,51.55932,0.07601
25,2026-08-18T10:59:49.854520,SK20BBX,SK20BBX,"City Thameslink, Holborn Viaduct",1,490003025W,1694,8470.0,51.53378,-0.00718
25,2026-08-18T10:59:49.854520,SK20AYD,SK20AYD,"Ilford, Hainault Street",2,490007596K,722,3610.0,51.51374,-0.09146
25,2026-08-18T10:59:49.854520,SK20AZJ,SK20AZJ,"City Thameslink, Holborn Viaduct",1,490000029Z,1765,8825.0,51.52735,-0.02403
25,2026-08-18T10:59:49.854520,SK20AYA,SK20AYA,"Ilford, Hainault Street",2,490013480E,232,1160.0,51.54233,0.00499
25,2026-08-18T10:59:49.854520,SK20BCE,SK20BCE,"Ilford, Hainault Street",2,490014215N,289,1445.0,51.53689,-0.00366
25,2026-08-18T10:59:49.854520,SK20BDU,SK20BDU,"City Thameslink, Holborn Viaduct",1,490004215P,561,2805.0,51.53031,-0.01208
25,2026-08-18T10:59:49.854520,SK20BBX,SK20BBX,"City Thameslink, Holborn Viaduct",1,490006856W,65,325.0,51.55196,0.05137
25,2026-08-18T10:59:49.854520,SK20BDV,SK20BDV,"City Thameslink, Holborn Viaduct",1,490000013E,512,2560.0,51.51327,-0.08775
25,2026-08-18T10:59:49.854520,SK20BCZ,SK20BCZ,"Ilford, Hainault Street",2,490000003Y,141,705.0,51.514293,-0.074735
25,2026-08-18T10:59:49.854520,SK20AXV,SK20AXV,"City Thameslink, Holborn Viaduct",1,490004147W,123,615.0,51.52036,-0.05313
25,2026-08-18T10:59:49.854520,SK20AZJ,SK20AZJ,"City Thameslink, Holborn Viaduct",1,490006936W,244,1220.0,51.54541,0.01933
25,2026-08-18T10:59:49.854520,SK20AYD,SK20AYD,"Ilford, Hainault Street",2,490001067Q,285,1425.0,51.51689,-0.10373
25,2026-08-18T10:59:49.854520,SK20BBX,SK20BBX,"City Thameslink, Holborn Viaduct",1,490012131W,264,1320.0,51.54816,0.03951
25,2026-08-18T10:59:49.854520,SK20BBE,SK20BBE,"Ilford, Hainault Street",2,490015114G,21,105.0,51.54079,0.0011
25,2026-08-18T10:59:49.854520,SK20BDO,SK20BDO,"Ilford, Hainault Street",2,490012904N,400,2000.0,51.54144,-0.00238
25,2026-08-18T10:59:49.854520,SK20AYU,SK20AYU,"City Thameslink, Holborn Viaduct",1,490006936W,1542,7710.0,51.54541,0.01933
25,2026-08-18T10:59:49.854520,SK20AYW,SK20AYW,"City Thameslink, Holborn Viaduct",1,490011315W,42,210.0,51.52316,-0.0392
25,2026-08-18T10:59:49.854520,SK20BDU,SK20BDU,"City Thameslink, Holborn Viaduct",1,490013541A,1765,8825.0,51.51891,-0.06043
25,2026-08-18T10:59:49.854520,SK20AYW,SK20AYW,"City Thameslink, Holborn Viaduct",1,490000220W2,214,1070.0,51.5217,-0.04665
25,2026-08-18T10:59:49.854520,SK20AYM,SK20AYM,"City Thameslink, Holborn Viaduct",1,490008465L,1806,9030.0,51.5584,0.07067
25,2026-08-18T10:59:49.854520,SK20AYU,SK20AYU,"City Thameslink, Holborn Viaduct",1,490012131W,1164,5820.0,51.54816,0.03951
25,2026-08-18T10:59:49.854520,SK20AYP,SK20AYP,"Ilford, Hainault Street",2,490012131E,920,4600.0,51.54835,0.0398
25,2026-08-18T10:59:49.854520,SK20AXV,SK20AXV,"City Thameslink, Holborn Viaduct",1,490001067N,1689,8445.0,51.51642,-0.10258
25,2026-08-18T10:59:49.854520,SK20AYZ,SK20AYZ,"Ilford, Hainault Street",2,490009873D,135,675.0,51.51941,-0.05879
25,2026-08-18T10:59:49.854520,SK20AYN,SK20AYN,"City Thameslink, Holborn Viaduct",1,490015114E,417,2085.0,51.54126,0.00262
25,2026-08-18T10:59:49.854520,SK20BCZ,SK20BCZ,"Ilford, Hainault Street",2,490000029Q,1360,6800.0,51.52712,-0.02587
25,2026-08-18T10:59:49.854520,SK20BBU,SK20BBU,"City Thameslink, Holborn Viaduct",1,490000220W2,475,2375.0,51.5217,-0.04665
25,2026-08-18T10:59:49.854520,SK20AYZ,SK20AYZ,"Ilford, Hainault Street",2,490011315E,464,2320.0,51.52281,-0.04085
25,2026-08-18T10:59:49.854520,SK20BCZ,SK20BCZ,"Ilford, Hainault Street",2,490015508E2,724,3620.0,51.52091,-0.05115
25,2026-08-18T10:59:49.854520,SK20BCE,SK20BCE,"Ilford, Hainault Street",2,490006917F,1137,5685.0,51.54646,0.02441
25,2026-08-18T10:59:49.854520,SK20AYL,SK20AYL,"Ilford, Hainault Street",2,490007596K,1144,5720.0,51.51374,-0.09146
25,2026-08-18T10:59:49.854520,SK20AYN,SK20AYN,"City Thameslink, Holborn Viaduct",1,490012904T,570,2850.0,51.54094,-0.00246
25,2026-08-18T10:59:49.854520,SK20AYD,SK20AYD,"Ilford, Hainault Street",2,490010513E,1814,9070.0,51.52223,-0.04475
25,2026-08-18T10:59:49.854520,SK20BDE,SK20BDE,"Ilford, Hainault Street",2,490002019A,1829,9145.0,51.52806,-0.02075
25,2026-08-18T10:59:49.854520,SK20BBE,SK20BBE,"Ilford, Hainault Street",2,490012005E,886,4430.0,51.55363,0.05565
25,2026-08-18T10:59:49.854520,SK20AYP,SK20AYP,"Ilford, Hainault Street",2,490008467F,1505,7525.0,51.55816,0.06891
25,2026-08-18T10:59:49.854520,SK20BDE,SK20BDE,"Ilford, Hainault Street",2,490010513E,1442,7210.0,51.52223,-0.04475
25,2026-08-18T10:59:49.854520,SK20BDU,SK20BDU,"City Thameslink, Holborn Viaduct",1,490000146C,1239,6195.0,51.52536,-0.03313
25,2026-08-18T10:59:49.854520,SK20BCZ,SK20BCZ,"Ilford, Hainault Street",2,490000004E,314,1570.0,51.5155,-0.07143
25,2026-08-18T10:59:49.854520,SK20AYZ,SK20AYZ,"Ilford, Hainault Street",2,490010513E,391,1955.0,51.52223,-0.04475
25,2026-08-18T10:59:49.854520,SK20BDU,SK20BDU,"City Thameslink, Holborn Viaduct",1,490015508W1,1565,7825.0,51.52114,-0.04924
25,2026-08-18T10:59:49.854520,SK20BDV,SK20BDV,"City Thameslink, Holborn Viaduct",1,490000003R,146,730.0,51.51408,-0.07493
25,2026-08-18T10:59:49.854520,SK20AYW,SK20AYW,"City Thameslink, Holborn Viaduct",1,490010258K,595,2975.0,51.51785,-0.06504
25,2026-08-18T10:59:49.854520,SK20AXV,SK20AXV,"City Thameslink, Holborn Viaduct",1,490015124Z,1454,7270.0,51.51419,-0.09505
25,2026-08-18T10:59:49.854520,SK20AYU,SK20AYU,"City Thameslink, Holborn Viaduct",1,490012414W,1484,7420.0,51.54615,0.02289
25,2026-08-18T10:59:49.854520,SK20AXV,SK20AXV,"City Thameslink, Holborn Viaduct",1,490015508W1,62,310.0,51.52114,-0.04924
25,2026-08-18T10:59:49.854520,SK20BBU,SK20BBU,"City Thameslink, Holborn Viaduct",1,490010258K,956,4780.0,51.51785,-0.06504
25,2026-08-18T10:59:49.854520,SK20BCZ,SK20BCZ,"Ilford, Hainault Street",2,490000220E1,833,4165.0,51.52177,-0.04699
25,2026-08-18T10:59:49.854520,SK20AYA,SK20AYA,"Ilford, Hainault Street",2,490001341H,706,3530.0,51.54919,0.04318
25,2026-08-18T10:59:49.854520,SK20AYU,SK20AYU,"City Thameslink, Holborn Viaduct",1,490008189W,1006,5030.0,51.55112,0.04868
25,2026-08-18T10:59:49.854520,SK20AXV,SK20AXV,"City Thameslink, Holborn Viaduct",1,490007596L,1385,6925.0,51.51365,-0.09155
25,2026-08-18T10:59:49.854520,SK20BCZ,SK20BCZ,"Ilford, Hainault Street",2,490014215N,1772,8860.0,51.53689,-0.00366
25,2026-08-18T10:59:49.854520,SK20AXY,SK20AXY,"Ilford, Hainault Street",2,490010328E,318,1590.0,51.55601,0.06383
25,2026-08-18T10:59:49.854520,SK20BBU,SK20BBU,"City Thameslink, Holborn Viaduct",1,490010513W,333,1665.0,51.52225,-0.04227
25,2026-08-18T10:59:49.854520,SK20AYZ,SK20AYZ,"Ilford, Hainault Street",2,490012648L,654,3270.0,51.52639,-0.0292
25,2026-08-18T10:59:49.854520,SK20AYA,SK20AYA,"City Thameslink, Holborn Viaduct",1,490008465L,1790,8950.0,51.5584,0.07067
25,2026-08-18T10:59:49.854520,SK20AYD,SK20AYD,"Ilford, Hainault Street",2,490010258J,1455,7275.0,51.51819,-0.06452
25,2026-08-18T10:59:49.854520,SK20AXW,SK20AXW,"City Thameslink, Holborn Viaduct",1,490015096W,437,2185.0,51.51802,-0.10679
25,2026-08-18T10:59:49.854520,SK20BCZ,SK20BCZ,"Ilford, Hainault Street",2,490000146D,1255,6275.0,51.52537,-0.03392
25,2026-08-18T10:59:49.854520,SK20BDV,SK20BDV,"City Thameslink, Holborn Viaduct",1,490000225T,743,3715.0,51.51525,-0.09851
25,2026-08-18T10:59:49.854520,SK20AYD,SK20AYD,"Ilford, Hainault Street",2,490015508E2,1685,8425.0,51.52091,-0.05115
25,2026-08-18T10:59:49.854520,SK20BBX,SK20BBX,"City Thameslink, Holborn Viaduct",1,490014269W,872,4360.0,51.54287,0.0099
25,2026-08-18T10:59:49.854520,SK20BDU,SK20BDU,"City Thameslink, Holborn Viaduct",1,490004147W,1647,8235.0,51.52036,-0.05313
25,2026-08-18T10:59:49.854520,SK20BDV,SK20BDV,"City Thameslink, Holborn Viaduct",1,490000004W,53,265.0,51.51465,-0.07321
25,2026-08-18T10:59:49.854520,SK20BBE,SK20BBE,"Ilford, Hainault Street",2,490007657S,1394,6970.0,51.55959,0.07589
25,2026-08-18T10:59:49.854520,SK20BBE,SK20BBE,"Ilford, Hainault Street",2,490004986P,1232,6160.0,51.55769,0.07024
25,2026-08-18T10:59:49.854520,SK20BDO,SK20BDO,"Ilford, Hainault Street",2,490012904B,442,2210.0,51.541,-0.00191
25,2026-08-18T10:59:49.854520,SK20AXW,SK20AXW,"City Thameslink, Holborn Viaduct",1,490005027N,392,1960.0,51.51801,-0.10544
25,2026-08-18T10:59:49.854520,SK20AXV,SK20AXV,"City Thameslink, Holborn Viaduct",1,490012783W,1056,5280.0,51.51342,-0.0827
25,2026-08-18T10:59:49.854520,SK20BBX,SK20BBX,"City Thameslink, Holborn Viaduct",1,490015114E,1029,5145.0,51.54126,0.00262
25,2026-08-18T10:59:49.854520,SK20AYN,SK20AYN,"City Thameslink, Holborn Viaduct",1,490003025W,1040,5200.0,51.53378,-0.00718
25,2026-08-18T10:59:49.854520,SK20BCZ,SK20BCZ,"Ilford, Hainault Street",2,490009873D,566,2830.0,51.51941,-0.05879
25,2026-08-18T10:59:49.854520,SK20AYW,SK20AYW,"City Thameslink, Holborn Viaduct",1,490012153F,387,1935.0,51.51994,-0.05537
25,2026-08-18T10:59:49.854520,SK20AYV,SK20AYV,"Ilford, Hainault Street",2,490000013D,1694,8470.0,51.51338,-0.0876
25,2026-08-18T10:59:49.854520,SK20BBX,SK20BBX,"City Thameslink, Holborn Viaduct",1,490014249S,1593,7965.0,51.53584,-0.00458
25,2026-08-18T10:59:49.854520,SK20AYU,SK20AYU,"City Thameslink, Holborn Viaduct",1,490001341G,1092,5460.0,51.54918,0.04365
25,2026-08-18T10:59:49.854520,SK20AYZ,SK20AYZ,"Ilford, Hainault Street",2,490000146D,621,3105.0,51.52537,-0.03392
25,2026-08-18T10:59:49.854520,SK20BDV,SK20BDV,"City Thameslink, Holborn Viaduct",1,490001067N,888,4440.0,51.51642,-0.10258
25,2026-08-18T10:59:49.854520,SK20AYJ,SK20AYJ,"City Thameslink, Holborn Viaduct",1,490013541A,1175,5875.0,51.51891,-0.06043
25,2026-08-18T10:59:49.854520,SK20BCE,SK20BCE,"Ilford, Hainault Street",2,490012904B,542,2710.0,51.541,-0.00191
25,2026-08-18T10:59:49.854520,SK20AYL,SK20AYL,"Ilford, Hainault Street",2,490008275K,679,3395.0,51.51758,-0.10638
25,2026-08-18T10:59:49.854520,SK20AYG,SK20AYG,"City Thameslink, Holborn Viaduct",1,490008465L,896,4480.0,51.5584,0.07067
25,2026-08-18T10:59:49.854520,SK20AYZ,SK20AYZ,"Ilford, Hainault Street",2,490009695MA,1103,5515.0,51.53128,-0.0112
25,2026-08-18T10:59:49.854520,SK20AYN,SK20AYN,"City Thameslink, Holborn Viaduct",1,490006936W,142,710.0,51.54541,0.01933
25,2026-08-18T10:59:49.854520,SK20AYD,SK20AYD,"Ilford, Hainault Street",2,490015079E,909,4545.0,51.51345,-0.08499
25,2026-08-18T10:59:49.854520,SK20AYD,SK20AYD,"Ilford, Hainault Street",2,490000225S,319,1595.0,51.51572,-0.09984
25,2026-08-18T10:59:49.854520,SK20BDE,SK20BDE,"Ilford, Hainault Street",2,490004147G,1273,6365.0,51.52034,-0.05414
25,2026-08-18T10:59:49.854520,SK20AYS,SK20AYS,"City Thameslink, Holborn Viaduct",1,490000003R,210,1050.0,51.51408,-0.07493
25,2026-08-18T10:59:49.854520,SK20BCZ,SK20BCZ,"Ilford, Hainault Street",2,490004147G,668,3340.0,51.52034,-0.05414
25,2026-08-18T10:59:49.854520,SK20AZC,SK20AZC,"Ilford, Hainault Street",2,490012648L,135,675.0,51.52639,-0.0292
25,2026-08-18T10:59:49.854520,SK20AYA,SK20AYA,"Ilford, Hainault Street",2,490009570E,884,4420.0,51.55257,0.05281
25,2026-08-18T10:59:49.854520,SK20AYZ,SK20AYZ,"Ilford, Hainault Street",2,490004147G,237,1185.0,51.52034,-0.05414
25,2026-08-18T10:59:49.854520,SK20AZC,SK20AZC,"Ilford, Hainault Street",2,490014269E,1776,8880.0,51.54266,0.00861
25,2026-08-18T10:59:49.854520,SK20AYJ,SK20AYJ,"City Thameslink, Holborn Viaduct",1,490010513W,824,4120.0,51.52225,-0.04227
25,2026-08-18T10:59:49.854520,SK20AXY,SK20AXY,"Ilford, Hainault Street",2,490008466R,437,2185.0,51.55815,0.07435
25,2026-08-18T10:59:49.854520,SK20AZC,SK20AZC,"Ilford, Hainault Street",2,490012904B,987,4935.0,51.541,-0.00191
25,2026-08-18T10:59:49.854520,SK20AYN,SK20AYN,"City Thameslink, Holborn Viaduct",1,490003468W,212,1060.0,51.54397,0.01376
25,2026-08-18T10:59:49.854520,SK20BDY,SK20BDY,"City Thameslink, Holborn Viaduct",1,490014269W,1330,6650.0,51.54287,0.0099
25,2026-08-18T10:59:49.854520,SK20AYN,SK20AYN,"City Thameslink, Holborn Viaduct",1,490000146C,1840,9200.0,51.52536,-0.03313
25,2026-08-18T10:59:49.854520,SK20BBU,SK20BBU,"City Thameslink, Holborn Viaduct",1,490004147W,550,2750.0,51.52036,-0.05313
25,2026-08-18T10:59:49.854520,SK20BBU,SK20BBU,"City Thameslink, Holborn Viaduct",1,490007596L,1802,9010.0,51.51365,-0.09155
25,2026-08-18T10:59:49.854520,SK20BCZ,SK20BCZ,"Ilford, Hainault Street",2,490010258J,491,2455.0,51.51819,-0.06452
25,2026-08-18T10:59:49.854520,SK20AZJ,SK20AZJ,"City Thameslink, Holborn Viaduct",1,490004215P,1257,6285.0,51.53031,-0.01208
25,2026-08-18T10:59:49.854520,SK20BBU,SK20BBU,"City Thameslink, Holborn Viaduct",1,490007341W,249,1245.0,51.52433,-0.03669
25,2026-08-18T10:59:49.854520,SK20AYG,SK20AYG,"City Thameslink, Holborn Viaduct",1,490012131W,1617,8085.0,51.54816,0.03951
25,2026-08-18T10:59:49.854520,SK20BDY,SK20BDY,"City Thameslink, Holborn Viaduct",1,490012131W,744,3720.0,51.54816,0.03951
25,2026-08-18T10:59:49.854520,SK20AYV,SK20AYV,"Ilford, Hainault Street",2,490001067Q,1184,5920.0,51.51689,-0.10373
25,2026-08-18T10:59:49.854520,SK20AXV,SK20AXV,"City Thameslink, Holborn Viaduct",1,490000013E,1004,5020.0,51.51327,-0.08775
25,2026-08-18T10:59:49.854520,SK20BDU,SK20BDU,"City Thameslink, Holborn Viaduct",1,490004815S,293,1465.0,51.53735,-0.00257
25,2026-08-18T10:59:49.854520,SK20AYS,SK20AYS,"City Thameslink, Holborn Viaduct",1,490015096W,1135,5675.0,51.51802,-0.10679
25,2026-08-18T10:59:49.854520,SK20BDY,SK20BDY,"City Thameslink, Holborn Viaduct",1,490008603W,842,4210.0,51.54741,0.03517
25,2026-08-18T10:59:49.854520,SK20AYA,SK20AYA,"Ilford, Hainault Street",2,490012005E,993,4965.0,51.55363,0.05565
25,2026-08-18T10:59:49.854520,SK20AYU,SK20AYU,"City Thameslink, Holborn Viaduct",1,490009219W,762,3810.0,51.55447,0.05937
25,2026-08-18T10:59:49.854520,SK20AYS,SK20AYS,"City Thameslink, Holborn Viaduct",1,490000013E,632,3160.0,51.51327,-0.08775
25,2026-08-18T10:59:49.854520,SK20AYG,SK20AYG,"City Thameslink, Holborn Viaduct",1,490006059W,1165,5825.0,51.55528,0.06203
25,2026-08-18T10:59:49.854520,SK20AYN,SK20AYN,"City Thameslink, Holborn Viaduct",1,490002019B,1437,7185.0,51.52794,-0.02047
25,2026-08-18T10:59:49.854520,SK20AYG,SK20AYG,"City Thameslink, Holborn Viaduct",1,490004985Y,1043,5215.0,51.55736,0.06785
25,2026-08-18T10:59:49.854520,SK20AYL,SK20AYL,"Ilford, Hainault Street",2,490012755E,1440,7200.0,51.51333,-0.07887
25,2026-08-18T10:59:49.854520,SK20AYN,SK20AYN,"City Thameslink, Holborn Viaduct",1,490014249S,949,4745.0,51.53584,-0.00458
25,2026-08-18T10:59:49.854520,SK20AYA,SK20AYA,"Ilford, Hainault Street",2,490008466R,1489,7445.0,51.55815,0.07435
25,2026-08-18T10:59:49.854520,SK20BCZ,SK20BCZ,"Ilford, Hainault Street",2,490011315E,1095,5475.0,51.52281,-0.04085
25,2026-08-18T10:59:49.854520,SK20AZJ,SK20AZJ,"City Thameslink, Holborn Viaduct",1,490004815S,981,4905.0,51.53735,-0.00257
73,2026-08-18T10:59:49.854520,LTZ1744,LTZ1744,Oxford Circus,2,490000007F,1479,7395.0,51.53374,-0.10546
73,2026-08-18T10:59:49.854520,LTZ1813,LTZ1813,Oxford Circus,2,490000078P,273,1365.0,51.52569,-0.13534
73,2026-08-18T10:59:49.854520,LTZ1830,LTZ1830,Oxford Circus,2,490009688S,1695,8475.0,51.54558,-0.08768
73,2026-08-18T10:59:49.854520,LTZ1326,LTZ1326,"Stoke Newington, Common",1,490008515C,182,910.0,51.53622,-0.10243
73,2026-08-18T10:59:49.854520,LTZ1526,LTZ1526,Oxford Circus,2,490015396S,277,1385.0,51.55164,-0.08453
73,2026-08-18T10:59:49.854520,LTZ1326,LTZ1326,"Stoke Newington, Common",1,490015396NK,787,3935.0,51.55169,-0.08572
73,2026-08-18T10:59:49.854520,LTZ1834,LTZ1834,"Stoke Newington, Common",1,490008515C,1330,6650.0,51.53622,-0.10243
73,2026-08-18T10:59:49.854520,LTZ1326,LTZ1326,"Stoke Newington, Common",1,490003003N,1027,5135.0,51.56062,-0.0835
73,2026-08-18T10:59:49.854520,LTZ1834,LTZ1834,"Stoke Newington, Common",1,490005816N2,1307,6535.0,51.53831,-0.09948
73,2026-08-18T10:59:49.854520,LTZ1744,LTZ1744,Oxford Circus,2,490009688S,937,4685.0,51.54558,-0.08768
73,2026-08-18T10:59:49.854520,LTZ1212,LTZ1212,"Stoke Newington, Common",1,490000235C,164,820.0,51.51767,-0.13154
73,2026-08-18T10:59:49.854520,LTZ1531,LTZ1531,"Stoke Newington, Common",1,490005432S1,554,2770.0,51.5565,-0.08409
73,2026-08-18T10:59:49.854520,LTZ1212,LTZ1212,"Stoke Newington, Common",1,490000252X,472,2360.0,51.52411,-0.13765
73,2026-08-18T10:59:49.854520,LTZ1840,LTZ1840,"Stoke Newington, Common",1,490003591N,1307,6535.0,51.55836,-0.08247
73,2026-08-18T10:59:49.854520,LTZ1744,LTZ1744,Oxford Circus,2,490008515D,1385,6925.0,51.53576,-0.10317
73,2026-08-18T10:59:49.854520,LTZ1840,LTZ1840,"Stoke Newington, Common",1,490003569N1,904,4520.0,51.54704,-0.08691
73,2026-08-18T10:59:49.854520,LTZ1744,LTZ1744,Oxford Circus,2,490005904W,1757,8785.0,51.53121,-0.11531
73,2026-08-18T10:59:49.854520,LTZ1326,LTZ1326,"Stoke Newington, Common",1,490010515N,561,2805.0,51.54449,-0.08933
73,2026-08-18T10:59:49.854520,LTZ1529,LTZ1529,Oxford Circus,2,490009688S,1335,6675.0,51.54558,-0.08768
73,2026-08-18T10:59:49.854520,LTZ1834,LTZ1834,"Stoke Newington, Common",1,490001103N1,1529,7645.0,51.54005,-0.09694
73,2026-08-18T10:59:49.854520,LTZ1840,LTZ1840,"Stoke Newington, Common",1,490001103N1,622,3110.0,51.54005,-0.09694
73,2026-08-18T10:59:49.854520,LTZ1529,LTZ1529,Oxford Circus,2,490004452U,608,3040.0,51.56065,-0.07344
73,2026-08-18T10:59:49.854520,LTZ1744,LTZ1744,Oxford Circus,2,490005432S2,487,2435.0,51.55637,-0.08394
73,2026-08-18T10:59:49.854520,LTZ1326,LTZ1326,"Stoke Newington, Common",1,490001103N1,356,1780.0,51.54005,-0.09694
73,2026-08-18T10:59:49.854520,LTZ1529,LTZ1529,Oxford Circus,2,490005432S2,978,4890.0,51.55637,-0.08394
73,2026-08-18T10:59:49.854520,LTZ1539,LTZ1539,Oxford Circus,2,4900020147W,932,4660.0,51.52522,-0.13671
73,2026-08-18T10:59:49.854520,LTZ1322,LTZ1322,"Stoke Newington, Common",1,490000129E,636,3180.0,51.5305,-0.12307
73,2026-08-18T10:59:49.854520,LTZ1491,LTZ1491,"Stoke Newington, Common",1,490015700C,989,4945.0,51.52903,-0.12661
73,2026-08-18T10:59:49.854520,LTZ1326,LTZ1326,"Stoke Newington, Common",1,490005816N2,291,1455.0,51.53831,-0.09948
73,2026-08-18T10:59:49.854520,LTZ1529,LTZ1529,Oxford Circus,2,490015396S,1142,5710.0,51.55164,-0.08453
73,2026-08-18T10:59:49.854520,LTZ1530,LTZ1530,"Stoke Newington, Common",1,490000078Q,1009,5045.0,51.5256,-0.13685
73,2026-08-18T10:59:49.854520,LTZ1834,LTZ1834,"Stoke Newington, Common",1,490003569N1,1810,9050.0,51.54704,-0.08691
73,2026-08-18T10:59:49.854520,LTZ1539,LTZ1539,Oxford Circus,2,490004722A,500,2500.0,51.52946,-0.12499
73,2026-08-18T10:59:49.854520,LTZ1818,LTZ1818,"Stoke Newington, Common",1,490012837J,167,835.0,51.56205,-0.06855
73,2026-08-18T10:59:49.854520,LTZ1476,LTZ1476,"Stoke Newington, Common",1,490000235C,987,4935.0,51.51767,-0.13154
73,2026-08-18T10:59:49.854520,LTZ1530,LTZ1530,"Stoke Newington, Common",1,490000235C,627,3135.0,51.51767,-0.13154
73,2026-08-18T10:59:49.854520,LTZ1826,LTZ1826,"Stoke Newington, Common",1,490000252X,1757,8785.0,51.52411,-0.13765
73,2026-08-18T10:59:49.854520,LTZ1539,LTZ1539,Oxford Circus,2,490000129R,283,1415.0,51.53047,-0.12169
73,2026-08-18T10:59:49.854520,LTZ1530,LTZ1530,"Stoke Newington, Common",1,490001172K,1786,8930.0,51.53111,-0.11856
73,2026-08-18T10:59:49.854520,LTZ1476,LTZ1476,"Stoke Newington, Common",1,490000235V,885,4425.0,51.51638,-0.13195
73,2026-08-18T10:59:49.854520,LTZ1529,LTZ1529,Oxford Circus,2,490004808S,905,4525.0,51.55893,-0.08243
73,2026-08-18T10:59:49.854520,LTZ1515,LTZ1515,Oxford Circus,2,490008515D,250,1250.0,51.53576,-0.10317
73,2026-08-18T10:59:49.854520,LTZ1529,LTZ1529,Oxford Circus,2,490019676NB,1089,5445.0,51.55248,-0.08518
73,2026-08-18T10:59:49.854520,LTZ1212,LTZ1212,"Stoke Newington, Common",1,490000089A,333,1665.0,51.52113,-0.13505
73,2026-08-18T10:59:49.854520,LTZ1529,LTZ1529,Oxford Circus,2,490010709S,1739,8695.0,51.53684,-0.10108
73,2026-08-18T10:59:49.854520,LTZ1824,LTZ1824,"Stoke Newington, Common",1,490012837J,624,3120.0,51.56205,-0.06855
73,2026-08-18T10:59:49.854520,LTZ1744,LTZ1744,Oxford Circus,2,490012837K,71,355.0,51.56086,-0.07032
73,2026-08-18T10:59:49.854520,LTZ1844,LTZ1844,Oxford Circus,2,490010689KB,762,3810.0,51.51547,-0.13992
73,2026-08-18T10:59:49.854520,LTZ1834,LTZ1834,"Stoke Newington, Common",1,490001172K,797,3985.0,51.53111,-0.11856
73,2026-08-18T10:59:49.854520,LTZ1212,LTZ1212,"Stoke Newington, Common",1,490001172K,1208,6040.0,51.53111,-0.11856
73,2026-08-18T10:59:49.854520,LTZ1539,LTZ1539,Oxford Circus,2,490000078P,863,4315.0,51.52569,-0.13534
73,2026-08-18T10:59:49.854520,LTZ1824,LTZ1824,"Stoke Newington, Common",1,490003003N,280,1400.0,51.56062,-0.0835
73,2026-08-18T10:59:49.854520,LTZ1207,LTZ1207,Oxford Circus,2,4900020147W,596,2980.0,51.52522,-0.13671
73,2026-08-18T10:59:49.854520,LTZ1476,LTZ1476,"Stoke Newington, Common",1,490000077D,1666,8330.0,51.52772,-0.13231
73,2026-08-18T10:59:49.854520,LTZ1515,LTZ1515,Oxford Circus,2,490000078P,1322,6610.0,51.52569,-0.13534
73,2026-08-18T10:59:49.854520,LTZ1824,LTZ1824,"Stoke Newington, Common",1,490005432S1,141,705.0,51.5565,-0.08409
73,2026-08-18T10:59:49.854520,LTZ1840,LTZ1840,"Stoke Newington, Common",1,490005816N2,493,2465.0,51.53831,-0.09948
73,2026-08-18T10:59:49.854520,LTZ1326,LTZ1326,"Stoke Newington, Common",1,490005312N,1245,6225.0,51.56233,-0.07369
73,2026-08-18T10:59:49.854520,LTZ1744,LTZ1744,Oxford Circus,2,490014699V,208,1040.0,51.56205,-0.07547
73,2026-08-18T10:59:49.854520,LTZ1207,LTZ1207,Oxford Circus,2,490004722A,104,520.0,51.52946,-0.12499
73,2026-08-18T10:59:49.854520,LTZ1813,LTZ1813,Oxford Circus,2,490000235YB,826,4130.0,51.51609,-0.13407
73,2026-08-18T10:59:49.854520,LTZ1326,LTZ1326,"Stoke Newington, Common",1,490010427D,1275,6375.0,51.56297,-0.07187
73,2026-08-18T10:59:49.854520,LTZ1491,LTZ1491,"Stoke Newington, Common",1,490000252X,679,3395.0,51.52411,-0.13765
73,2026-08-18T10:59:49.854520,LTZ1207,LTZ1207,Oxford Circus,2,490000235YB,1102,5510.0,51.51609,-0.13407
73,2026-08-18T10:59:49.854520,LTZ1529,LTZ1529,Oxford Circus,2,490012837K,539,2695.0,51.56086,-0.07032
73,2026-08-18T10:59:49.854520,LTZ1526,LTZ1526,Oxford Circus,2,490000129R,1597,7985.0,51.53047,-0.12169
73,2026-08-18T10:59:49.854520,LTZ1322,LTZ1322,"Stoke Newington, Common",1,490015700C,477,2385.0,51.52903,-0.12661
73,2026-08-18T10:59:49.854520,LTZ1322,LTZ1322,"Stoke Newington, Common",1,490001103N1,1391,6955.0,51.54005,-0.09694
73,2026-08-18T10:59:49.854520,LTZ1531,LTZ1531,"Stoke Newington, Common",1,490015396NK,422,2110.0,51.55169,-0.08572
73,2026-08-18T10:59:49.854520,LTZ1818,LTZ1818,Oxford Circus,2,490012837K,1319,6595.0,51.56086,-0.07032
73,2026-08-18T10:59:49.854520,LTZ1830,LTZ1830,Oxford Circus,2,490003915S,1553,7765.0,51.5498,-0.0869
73,2026-08-18T10:59:49.854520,LTZ1531,LTZ1531,"Stoke Newington, Common",1,490003003N,664,3320.0,51.56062,-0.0835
73,2026-08-18T10:59:49.854520,LTZ1322,LTZ1322,"Stoke Newington, Common",1,490008515C,1053,5265.0,51.53622,-0.10243
73,2026-08-18T10:59:49.854520,LTZ1530,LTZ1530,"Stoke Newington, Common",1,490000252X,907,4535.0,51.52411,-0.13765
73,2026-08-18T10:59:49.854520,LTZ1207,LTZ1207,Oxford Circus,2,490000077H,428,2140.0,51.52651,-0.13289
73,2026-08-18T10:59:49.854520,LTZ1212,LTZ1212,"Stoke Newington, Common",1,490003650T,1430,7150.0,51.53228,-0.10929
73,2026-08-18T10:59:49.854520,LTZ1840,LTZ1840,"Stoke Newington, Common",1,490010928E,254,1270.0,51.53164,-0.11175
73,2026-08-18T10:59:49.854520,LTZ1818,LTZ1818,Oxford Circus,2,490012840W2,1592,7960.0,51.56118,-0.08293
73,2026-08-18T10:59:49.854520,LTZ1840,LTZ1840,"Stoke Newington, Common",1,490005312N,1604,8020.0,51.56233,-0.07369
73,2026-08-18T10:59:49.854520,LTZ1818,LTZ1818,Oxford Circus,2,490004202W,1508,7540.0,51.56218,-0.07801
73,2026-08-18T10:59:49.854520,LTZ1212,LTZ1212,"Stoke Newington, Common",1,490010928E,1354,6770.0,51.53164,-0.11175
73,2026-08-18T10:59:49.854520,LTZ1818,LTZ1818,Oxford Circus,2,490004808S,1665,8325.0,51.55893,-0.08243
73,2026-08-18T10:59:49.854520,LTZ1744,LTZ1744,Oxford Circus,2,490003569S2,875,4375.0,51.54721,-0.08663
73,2026-08-18T10:59:49.854520,LTZ1526,LTZ1526,Oxford Circus,2,490001103S1,650,3250.0,51.5409,-0.09529
73,2026-08-18T10:59:49.854520,LTZ1844,LTZ1844,Oxford Circus,2,490000235YB,629,3145.0,51.51609,-0.13407
73,2026-08-18T10:59:49.854520,LTZ1476,LTZ1476,"Stoke Newington, Common",1,490010689OJ,659,3295.0,51.51567,-0.13905
73,2026-08-18T10:59:49.854520,LTZ1322,LTZ1322,"Stoke Newington, Common",1,490005816N2,1282,6410.0,51.53831,-0.09948
73,2026-08-18T10:59:49.854520,LTZ1209,LTZ1209,Oxford Circus,2,490002124ZZ,28,140.0,51.51807,-0.13158
73,2026-08-18T10:59:49.854520,LTZ1744,LTZ1744,Oxford Circus,2,490004202W,260,1300.0,51.56218,-0.07801
73,2026-08-18T10:59:49.854520,LTZ1844,LTZ1844,Oxford Circus,2,490002124ZZ,565,2825.0,51.51807,-0.13158
73,2026-08-18T10:59:49.854520,LTZ1529,LTZ1529,Oxford Circus,2,490003569S2,1299,6495.0,51.54721,-0.08663
73,2026-08-18T10:59:49.854520,LTZ1840,LTZ1840,"Stoke Newington, Common",1,490015396NK,1009,5045.0,51.55169,-0.08572
73,2026-08-18T10:59:49.854520,LTZ1840,LTZ1840,"Stoke Newington, Common",1,490014603U,300,1500.0,51.53285,-0.10717
73,2026-08-18T10:59:49.854520,LTZ1834,LTZ1834,"Stoke Newington, Common",1,490005904E,851,4255.0,51.53131,-0.11577
73,2026-08-18T10:59:49.854520,LTZ1844,LTZ1844,Oxford Circus,2,4900020147W,229,1145.0,51.52522,-0.13671
73,2026-08-18T10:59:49.854520,LTZ1326,LTZ1326,"Stoke Newington, Common",1,490012837J,1344,6720.0,51.56205,-0.06855
73,2026-08-18T10:59:49.854520,LTZ1539,LTZ1539,Oxford Circus,2,490000077H,794,3970.0,51.52651,-0.13289
73,2026-08-18T10:59:49.854520,LTZ1818,LTZ1818,"Stoke Newington, Common",1,490010427D,74,370.0,51.56297,-0.07187
73,2026-08-18T10:59:49.854520,LTZ1539,LTZ1539,Oxford Circus,2,490002121ZT,1064,5320.0,51.52257,-0.13608
73,2026-08-18T10:59:49.854520,LTZ1834,LTZ1834,"Stoke Newington, Common",1,490000077D,476,2380.0,51.52772,-0.13231
73,2026-08-18T10:59:49.854520,LTZ1326,LTZ1326,"Stoke Newington, Common",1,490003591N,966,4830.0,51.55836,-0.08247
73,2026-08-18T10:59:49.854520,LTZ1818,LTZ1818,Oxford Circus,2,490004452U,1392,6960.0,51.56065,-0.07344
73,2026-08-18T10:59:49.854520,LTZ1530,LTZ1530,"Stoke Newington, Common",1,490000077D,1192,5960.0,51.52772,-0.13231
73,2026-08-18T10:59:49.854520,LTZ1744,LTZ1744,Oxford Circus,2,490010709S,1333,6665.0,51.53684,-0.10108
73,2026-08-18T10:59:49.854520,LTZ1322,LTZ1322,"Stoke Newington, Common",1,490001172K,632,3160.0,51.53111,-0.11856
73,2026-08-18T10:59:49.854520,LTZ1322,LTZ1322,"Stoke Newington, Common",1,490010326EE,1322,6610.0,51.54248,-0.09225
73,2026-08-18T10:59:49.854520,LTZ1207,LTZ1207,Oxford Circus,2,490009498W,299,1495.0,51.52818,-0.12824
73,2026-08-18T10:59:49.854520,LTZ1531,LTZ1531,"Stoke Newington, Common",1,490003569N1,220,1100.0,51.54704,-0.08691
73,2026-08-18T10:59:49.854520,LTZ1530,LTZ1530,"Stoke Newington, Common",1,490005904E,1837,9185.0,51.53131,-0.11577
73,2026-08-18T10:59:49.854520,LTZ1526,LTZ1526,Oxford Circus,2,490000007R,1154,5770.0,51.53178,-0.10776
73,2026-08-18T10:59:49.854520,LTZ1322,LTZ1322,"Stoke Newington, Common",1,490014603U,1003,5015.0,51.53285,-0.10717
73,2026-08-18T10:59:49.854520,LTZ1526,LTZ1526,Oxford Circus,2,490005904W,1312,6560.0,51.53121,-0.11531
73,2026-08-18T10:59:49.854520,LTZ1322,LTZ1322,"Stoke Newington, Common",1,490010928E,871,4355.0,51.53164,-0.11175
73,2026-08-18T10:59:49.854520,LTZ1840,LTZ1840,"Stoke Newington, Common",1,490001172K,77,385.0,51.53111,-0.11856
73,2026-08-18T10:59:49.854520,LTZ1813,LTZ1813,Oxford Circus,2,490009498W,104,520.0,51.52818,-0.12824
73,2026-08-18T10:59:49.854520,LTZ1824,LTZ1824,"Stoke Newington, Common",1,490010427D,502,2510.0,51.56297,-0.07187
73,2026-08-18T10:59:49.854520,LTZ1326,LTZ1326,"Stoke Newington, Common",1,490005432S1,918,4590.0,51.5565,-0.08409
73,2026-08-18T10:59:49.854520,LTZ1491,LTZ1491,"Stoke Newington, Common",1,490000089A,587,2935.0,51.52113,-0.13505
73,2026-08-18T10:59:49.854520,LTZ1207,LTZ1207,Oxford Circus,2,490005084Z,862,4310.0,51.52059,-0.13423
73,2026-08-18T10:59:49.854520,LTZ1212,LTZ1212,"Stoke Newington, Common",1,490005816N2,1766,8830.0,51.53831,-0.09948
73,2026-08-18T10:59:49.854520,LTZ1212,LTZ1212,"Stoke Newington, Common",1,490014603U,1482,7410.0,51.53285,-0.10717
73,2026-08-18T10:59:49.854520,LTZ1840,LTZ1840,"Stoke Newington, Common",1,490010326EE,746,3730.0,51.54248,-0.09225
73,2026-08-18T10:59:49.854520,LTZ1813,LTZ1813,Oxford Circus,2,490002124ZZ,663,3315.0,51.51807,-0.13158
73,2026-08-18T10:59:49.854520,LTZ1830,LTZ1830,Oxford Circus,2,490004808S,1262,6310.0,51.55893,-0.08243
73,2026-08-18T10:59:49.854520,LTZ1539,LTZ1539,Oxford Circus,2,490001172X,169,845.0,51.53084,-0.12052
73,2026-08-18T10:59:49.854520,LTZ1840,LTZ1840,"Stoke Newington, Common",1,490005432S1,1259,6295.0,51.5565,-0.08409
73,2026-08-18T10:59:49.854520,LTZ1529,LTZ1529,Oxford Circus,2,490014699V,681,3405.0,51.56205,-0.07547
73,2026-08-18T10:59:49.854520,LTZ1529,LTZ1529,Oxford Circus,2,490001103S1,1516,7580.0,51.5409,-0.09529
73,2026-08-18T10:59:49.854520,LTZ1476,LTZ1476,"Stoke Newington, Common",1,490000089A,1118,5590.0,51.52113,-0.13505
73,2026-08-18T10:59:49.854520,LTZ1529,LTZ1529,Oxford Circus,2,490005816E,1682,8410.0,51.53821,-0.09938
73,2026-08-18T10:59:49.854520,LTZ1476,LTZ1476,"Stoke Newington, Common",1,490000078Q,1394,6970.0,51.5256,-0.13685
73,2026-08-18T10:59:49.854520,LTZ1834,LTZ1834,"Stoke Newington, Common",1,490010326EE,1662,8310.0,51.54248,-0.09225
73,2026-08-18T10:59:49.854520,LTZ1531,LTZ1531,"Stoke Newington, Common",1,490010326EE,67,335.0,51.54248,-0.09225
73,2026-08-18T10:59:49.854520,LTZ1813,LTZ1813,Oxford Circus,2,490002121ZT,583,2915.0,51.52257,-0.13608
73,2026-08-18T10:59:49.854520,LTZ1813,LTZ1813,Oxford Circus,2,490005084Z,527,2635.0,51.52059,-0.13423
73,2026-08-18T10:59:49.854520,LTZ1539,LTZ1539,Oxford Circus,2,490010689KB,1621,8105.0,51.51547,-0.13992
73,2026-08-18T10:59:49.854520,LTZ1840,LTZ1840,"Stoke Newington, Common",1,490003650T,246,1230.0,51.53228,-0.10929
73,2026-08-18T10:59:49.854520,LTZ1526,LTZ1526,Oxford Circus,2,490008515D,914,4570.0,51.53576,-0.10317
73,2026-08-18T10:59:49.854520,LTZ1526,LTZ1526,Oxford Circus,2,490004808S,28,140.0,51.55893,-0.08243
73,2026-08-18T10:59:49.854520,LTZ1212,LTZ1212,"Stoke Newington, Common",1,490000077D,789,3945.0,51.52772,-0.13231
73,2026-08-18T10:59:49.854520,LTZ1830,LTZ1830,Oxford Circus,2,490005432S2,1335,6675.0,51.55637,-0.08394
73,2026-08-18T10:59:49.854520,LTZ1824,LTZ1824,"Stoke Newington, Common",1,490014699W,413,2065.0,51.56208,-0.07458
73,2026-08-18T10:59:49.854520,LTZ1515,LTZ1515,Oxford Circus,2,490000007F,361,1805.0,51.53374,-0.10546
73,2026-08-18T10:59:49.854520,LTZ1744,LTZ1744,Oxford Circus,2,490000007R,1601,8005.0,51.53178,-0.10776
73,2026-08-18T10:59:49.854520,LTZ1744,LTZ1744,Oxford Circus,2,490015396S,725,3625.0,51.55164,-0.08453
73,2026-08-18T10:59:49.854520,LTZ1830,LTZ1830,Oxford Circus,2,490004202W,1100,5500.0,51.56218,-0.07801
73,2026-08-18T10:59:49.854520,LTZ1515,LTZ1515,Oxford Circus,2,490002124ZZ,1780,8900.0,51.51807,-0.13158
73,2026-08-18T10:59:49.854520,LTZ1515,LTZ1515,Oxford Circus,2,490001172X,669,3345.0,51.53084,-0.12052
73,2026-08-18T10:59:49.854520,LTZ1207,LTZ1207,Oxford Circus,2,490002124ZZ,943,4715.0,51.51807,-0.13158
73,2026-08-18T10:59:49.854520,LTZ1529,LTZ1529,Oxford Circus,2,490008515D,1805,9025.0,51.53576,-0.10317
73,2026-08-18T10:59:49.854520,LTZ1531,LTZ1531,"Stoke Newington, Common",1,490003915N,294,1470.0,51.54966,-0.08716
73,2026-08-18T10:59:49.854520,LTZ1491,LTZ1491,"Stoke Newington, Common",1,490010689OJ,54,270.0,51.51567,-0.13905
73,2026-08-18T10:59:49.854520,LTZ1212,LTZ1212,"Stoke Newington, Common",1,490000129E,1112,5560.0,51.5305,-0.12307
73,2026-08-18T10:59:49.854520,LTZ1515,LTZ1515,Oxford Circus,2,490000129R,791,3955.0,51.53047,-0.12169
73,2026-08-18T10:59:49.854520,LTZ1840,LTZ1840,"Stoke Newington, Common",1,490000007X,445,2225.0,51.53396,-0.10558
73,2026-08-18T10:59:49.854520,LTZ1326,LTZ1326,"Stoke Newington, Common",1,490010326EE,486,2430.0,51.54248,-0.09225
73,2026-08-18T10:59:49.854520,LTZ1813,LTZ1813,Oxford Circus,2,4900020147W,407,2035.0,51.52522,-0.13671
73,2026-08-18T10:59:49.854520,LTZ1515,LTZ1515,Oxford Circus,2,490005816E,119,595.0,51.53821,-0.09938
73,2026-08-18T10:59:49.854520,LTZ1824,LTZ1824,Oxford Circus,2,490012837K,1679,8395.0,51.56086,-0.07032
73,2026-08-18T10:59:49.854520,LTZ1840,LTZ1840,"Stoke Newington, Common",1,490004202E,1496,7480.0,51.56226,-0.07828
73,2026-08-18T10:59:49.854520,LTZ1744,LTZ1744,Oxford Circus,2,490005816E,1274,6370.0,51.53821,-0.09938
73,2026-08-18T10:59:49.854520,LTZ1212,LTZ1212,"Stoke Newington, Common",1,490000235V,58,290.0,51.51638,-0.13195
73,2026-08-18T10:59:49.854520,LTZ1209,LTZ1209,Oxford Circus,2,490000235YB,198,990.0,51.51609,-0.13407
73,2026-08-18T10:59:49.854520,LTZ1529,LTZ1529,Oxford Circus,2,490010326S,1403,7015.0,51.54351,-0.09052
73,2026-08-18T10:59:49.854520,LTZ1824,LTZ1824,Oxford Circus,2,490014699V,1817,9085.0,51.56205,-0.07547
73,2026-08-18T10:59:49.854520,LTZ1212,LTZ1212,"Stoke Newington, Common",1,490000078Q,584,2920.0,51.5256,-0.13685
73,2026-08-18T10:59:49.854520,LTZ1526,LTZ1526,Oxford Circus,2,490000007F,1022,5110.0,51.53374,-0.10546
73,2026-08-18T10:59:49.854520,LTZ1491,LTZ1491,"Stoke Newington, Common",1,490001172K,1231,6155.0,51.53111,-0.11856
73,2026-08-18T10:59:49.854520,LTZ1526,LTZ1526,Oxford Circus,2,490009688S,517,2585.0,51.54558,-0.08768
73,2026-08-18T10:59:49.854520,LTZ1834,LTZ1834,"Stoke Newington, Common",1,490010515N,1718,8590.0,51.54449,-0.08933
73,2026-08-18T10:59:49.854520,LTZ1744,LTZ1744,Oxford Circus,2,490004808S,417,2085.0,51.55893,-0.08243
73,2026-08-18T10:59:49.854520,LTZ1840,LTZ1840,"Stoke Newington, Common",1,490014699W,1548,7740.0,51.56208,-0.07458
73,2026-08-18T10:59:49.854520,LTZ1834,LTZ1834,"Stoke Newington, Common",1,490000252X,159,795.0,51.52411,-0.13765
73,2026-08-18T10:59:49.854520,LTZ1539,LTZ1539,Oxford Circus,2,490009498W,638,3190.0,51.52818,-0.12824
73,2026-08-18T10:59:49.854520,LTZ1529,LTZ1529,Oxford Circus,2,490004202W,737,3685.0,51.56218,-0.07801
73,2026-08-18T10:59:49.854520,LTZ1830,LTZ1830,Oxford Circus,2,490012840W2,1192,5960.0,51.56118,-0.08293
73,2026-08-18T10:59:49.854520,LTZ1830,LTZ1830,Oxford Circus,2,490012837K,899,4495.0,51.56086,-0.07032
73,2026-08-18T10:59:49.854520,LTZ1326,LTZ1326,"Stoke Newington, Common",1,490004202E,1144,5720.0,51.56226,-0.07828
73,2026-08-18T10:59:49.854520,LTZ1207,LTZ1207,Oxford Circus,2,490000078P,504,2520.0,51.52569,-0.13534
73,2026-08-18T10:59:49.854520,LTZ1840,LTZ1840,"Stoke Newington, Common",1,490010515N,826,4130.0,51.54449,-0.08933
73,2026-08-18T10:59:49.854520,LTZ1844,LTZ1844,Oxford Circus,2,490000077H,90,450.0,51.52651,-0.13289
73,2026-08-18T10:59:49.854520,LTZ1491,LTZ1491,"Stoke Newington, Common",1,490000077D,955,4775.0,51.52772,-0.13231
73,2026-08-18T10:59:49.854520,LTZ1824,LTZ1824,"Stoke Newington, Common",1,490015396NK,30,150.0,51.55169,-0.08572
73,2026-08-18T10:59:49.854520,LTZ1530,LTZ1530,"Stoke Newington, Common",1,490010689OJ,299,1495.0,51.51567,-0.13905
73,2026-08-18T10:59:49.854520,LTZ1830,LTZ1830,Oxford Circus,2,490004452U,968,4840.0,51.56065,-0.07344
73,2026-08-18T10:59:49.854520,LTZ1844,LTZ1844,Oxford Circus,2,490005084Z,490,2450.0,51.52059,-0.13423
73,2026-08-18T10:59:49.854520,LTZ1326,LTZ1326,"Stoke Newington, Common",1,490000007X,108,540.0,51.53396,-0.10558
73,2026-08-18T10:59:49.854520,LTZ1840,LTZ1840,"Stoke Newington, Common",1,490008515C,416,2080.0,51.53622,-0.10243
73,2026-08-18T10:59:49.854520,LTZ1515,LTZ1515,Oxford Circus,2,490004722A,974,4870.0,51.52946,-0.12499
73,2026-08-18T10:59:49.854520,LTZ1744,LTZ1744,Oxford Circus,2,490010326S,1008,5040.0,51.54351,-0.09052
73,2026-08-18T10:59:49.854520,LTZ1515,LTZ1515,Oxford Circus,2,490005904W,532,2660.0,51.53121,-0.11531
73,2026-08-18T10:59:49.854520,LTZ1529,LTZ1529,Oxford Circus,2,490003915S,1227,6135.0,51.5498,-0.0869
73,2026-08-18T10:59:49.854520,LTZ1834,LTZ1834,"Stoke Newington, Common",1,490000007X,1210,6050.0,51.53396,-0.10558
73,2026-08-18T10:59:49.854520,LTZ1826,LTZ1826,"Stoke Newington, Common",1,490010689OJ,1079,5395.0,51.51567,-0.13905
73,2026-08-18T10:59:49.854520,LTZ1834,LTZ1834,"Stoke Newington, Common",1,490015700C,709,3545.0,51.52903,-0.12661
73,2026-08-18T10:59:49.854520,LTZ1539,LTZ1539,Oxford Circus,2,490005084Z,1266,6330.0,51.52059,-0.13423
73,2026-08-18T10:59:49.854520,LTZ1539,LTZ1539,Oxford Circus,2,490002124ZZ,1330,6650.0,51.51807,-0.13158
73,2026-08-18T10:59:49.854520,LTZ1530,LTZ1530,"Stoke Newington, Common",1,490015700C,1446,7230.0,51.52903,-0.12661
73,2026-08-18T10:59:49.854520,LTZ1491,LTZ1491,"Stoke Newington, Common",1,490003650T,1576,7880.0,51.53228,-0.10929
73,2026-08-18T10:59:49.854520,LTZ1744,LTZ1744,Oxford Circus,2,490012840W2,345,1725.0,51.56118,-0.08293
73,2026-08-18T10:59:49.854520,LTZ1744,LTZ1744,Oxford Circus,2,490019676NB,593,2965.0,51.55248,-0.08518
73,2026-08-18T10:59:49.854520,LTZ1209,LTZ1209,Oxford Circus,2,490010689KB,332,1660.0,51.51547,-0.13992
73,2026-08-18T10:59:49.854520,LTZ1491,LTZ1491,"Stoke Newington, Common",1,490014603U,1628,8140.0,51.53285,-0.10717
73,2026-08-18T10:59:49.854520,LTZ1515,LTZ1515,Oxford Circus,2,490010709S,183,915.0,51.53684,-0.10108
73,2026-08-18T10:59:49.854520,LTZ1834,LTZ1834,"Stoke Newington, Common",1,490000129E,839,4195.0,51.5305,-0.12307
73,2026-08-18T10:59:49.854520,LTZ1491,LTZ1491,"Stoke Newington, Common",1,490000235V,311,1555.0,51.51638,-0.13195
73,2026-08-18T10:59:49.854520,LTZ1530,LTZ1530,"Stoke Newington, Common",1,490000235V,525,2625.0,51.51638,-0.13195
73,2026-08-18T10:59:49.854520,LTZ1212,LTZ1212,"Stoke Newington, Common",1,490005904E,1262,6310.0,51.53131,-0.11577
73,2026-08-18T10:59:49.854520,LTZ1322,LTZ1322,"Stoke Newington, Common",1,490000007X,969,4845.0,51.53396,-0.10558
73,2026-08-18T10:59:49.854520,LTZ1526,LTZ1526,Oxford Circus,2,490010709S,856,4280.0,51.53684,-0.10108
73,2026-08-18T10:59:49.854520,LTZ1209,LTZ1209,"Stoke Newington, Common",1,490000235C,1834,9170.0,51.51767,-0.13154
73,2026-08-18T10:59:49.854520,LTZ1840,LTZ1840,"Stoke Newington, Common",1,490003915N,960,4800.0,51.54966,-0.08716
73,2026-08-18T10:59:49.854520,LTZ1531,LTZ1531,"Stoke Newington, Common",1,490005312N,880,4400.0,51.56233,-0.07369
73,2026-08-18T10:59:49.854520,LTZ1840,LTZ1840,"Stoke Newington, Common",1,490012837J,1745,8725.0,51.56205,-0.06855
73,2026-08-18T10:59:49.854520,LTZ1526,LTZ1526,Oxford Circus,2,490003915S,315,1575.0,51.5498,-0.0869
73,2026-08-18T10:59:49.854520,LTZ1212,LTZ1212,"Stoke Newington, Common",1,490015700C,982,4910.0,51.52903,-0.12661
73,2026-08-18T10:59:49.854520,LTZ1531,LTZ1531,"Stoke Newington, Common",1,490010515N,139,695.0,51.54449,-0.08933
73,2026-08-18T10:59:49.854520,LTZ1515,LTZ1515,Oxford Circus,2,490009498W,1120,5600.0,51.52818,-0.12824
73,2026-08-18T10:59:49.854520,LTZ1834,LTZ1834,"Stoke Newington, Common",1,490003650T,1039,5195.0,51.53228,-0.10929
73,2026-08-18T10:59:49.854520,LTZ1531,LTZ1531,"Stoke Newington, Common",1,490004202E,781,3905.0,51.56226,-0.07828
73,2026-08-18T10:59:49.854520,LTZ1322,LTZ1322,"Stoke Newington, Common",1,490005904E,688,3440.0,51.53131,-0.11577
73,2026-08-18T10:59:49.854520,LTZ1539,LTZ1539,Oxford Circus,2,490000235YB,1475,7375.0,51.51609,-0.13407
73,2026-08-18T10:59:49.854520,LTZ1491,LTZ1491,"Stoke Newington, Common",1,490000235C,445,2225.0,51.51767,-0.13154
73,2026-08-18T10:59:49.854520,LTZ1491,LTZ1491,"Stoke Newington, Common",1,490010928E,1430,7150.0,51.53164,-0.11175
73,2026-08-18T10:59:49.854520,LTZ1813,LTZ1813,Oxford Circus,2,490010689KB,991,4955.0,51.51547,-0.13992
73,2026-08-18T10:59:49.854520,LTZ1326,LTZ1326,"Stoke Newington, Common",1,490003915N,712,3560.0,51.54966,-0.08716
73,2026-08-18T10:59:49.854520,LTZ1539,LTZ1539,Oxford Circus,2,490005904W,38,190.0,51.53121,-0.11531
73,2026-08-18T10:59:49.854520,LTZ1526,LTZ1526,Oxford Circus,2,490003569S2,394,1970.0,51.54721,-0.08663
73,2026-08-18T10:59:49.854520,LTZ1526,LTZ1526,Oxford Circus,2,490005432S2,101,505.0,51.55637,-0.08394
73,2026-08-18T10:59:49.854520,LTZ1322,LTZ1322,"Stoke Newington, Common",1,490010709N,1220,6100.0,51.53761,-0.10031
73,2026-08-18T10:59:49.854520,LTZ1491,LTZ1491,"Stoke Newington, Common",1,490000129E,1119,5595.0,51.5305,-0.12307
73,2026-08-18T10:59:49.854520,LTZ1326,LTZ1326,"Stoke Newington, Common",1,490010709N,231,1155.0,51.53761,-0.10031
73,2026-08-18T10:59:49.854520,LTZ1476,LTZ1476,"Stoke Newington, Common",1,490000252X,1267,6335.0,51.52411,-0.13765
73,2026-08-18T10:59:49.854520,LTZ1818,LTZ1818,Oxford Circus,2,490014699V,1457,7285.0,51.56205,-0.07547
73,2026-08-18T10:59:49.854520,LTZ1322,LTZ1322,"Stoke Newington, Common",1,490003650T,955,4775.0,51.53228,-0.10929
73,2026-08-18T10:59:49.854520,LTZ1830,LTZ1830,Oxford Circus,2,490019676NB,1419,7095.0,51.55248,-0.08518
73,2026-08-18T10:59:49.854520,LTZ1830,LTZ1830,Oxford Circus,2,490001103S1,1832,9160.0,51.5409,-0.09529
73,2026-08-18T10:59:49.854520,LTZ1834,LTZ1834,"Stoke Newington, Common",1,490000089A,21,105.0,51.52113,-0.13505
73,2026-08-18T10:59:49.854520,LTZ1824,LTZ1824,Oxford Circus,2,490004452U,1752,8760.0,51.56065,-0.07344
73,2026-08-18T10:59:49.854520,LTZ1826,LTZ1826,"Stoke Newington, Common",1,490000089A,1614,8070.0,51.52113,-0.13505
73,2026-08-18T10:59:49.854520,LTZ1530,LTZ1530,"Stoke Newington, Common",1,490000129E,1662,8310.0,51.5305,-0.12307
73,2026-08-18T10:59:49.854520,LTZ1531,LTZ1531,"Stoke Newington, Common",1,490010427D,794,3970.0,51.56297,-0.07187
73,2026-08-18T10:59:49.854520,LTZ1530,LTZ1530,"Stoke Newington, Common",1,490000089A,758,3790.0,51.52113,-0.13505
73,2026-08-18T10:59:49.854520,LTZ1326,LTZ1326,"Stoke Newington, Common",1,490014699W,1194,5970.0,51.56208,-0.07458
73,2026-08-18T10:59:49.854520,LTZ1515,LTZ1515,Oxford Circus,2,490002121ZT,1584,7920.0,51.52257,-0.13608
73,2026-08-18T10:59:49.854520,LTZ1526,LTZ1526,Oxford Circus,2,490004722A,1771,8855.0,51.52946,-0.12499
73,2026-08-18T10:59:49.854520,LTZ1515,LTZ1515,Oxford Circus,2,490000077H,1274,6370.0,51.52651,-0.13289
73,2026-08-18T10:59:49.854520,LTZ1531,LTZ1531,"Stoke Newington, Common",1,490003591N,602,3010.0,51.55836,-0.08247
73,2026-08-18T10:59:49.854520,LTZ1840,LTZ1840,"Stoke Newington, Common",1,490010709N,430,2150.0,51.53761,-0.10031
73,2026-08-18T10:59:49.854520,LTZ1491,LTZ1491,"Stoke Newington, Common",1,490005904E,1278,6390.0,51.53131,-0.11577
73,2026-08-18T10:59:49.854520,LTZ1830,LTZ1830,Oxford Circus,2,490015396S,1471,7355.0,51.55164,-0.08453
73,2026-08-18T10:59:49.854520,LTZ1844,LTZ1844,Oxford Circus,2,490002121ZT,391,1955.0,51.52257,-0.13608
73,2026-08-18T10:59:49.854520,LTZ1840,LTZ1840,"Stoke Newington, Common",1,490005904E,106,530.0,51.53131,-0.11577
73,2026-08-18T10:59:49.854520,LTZ1322,LTZ1322,"Stoke Newington, Common",1,490010515N,1538,7690.0,51.54449,-0.08933
73,2026-08-18T10:59:49.854520,LTZ1826,LTZ1826,"Stoke Newington, Common",1,490000235C,1420,7100.0,51.51767,-0.13154
73,2026-08-18T10:59:49.854520,LTZ1744,LTZ1744,Oxford Circus,2,490004452U,135,675.0,51.56065,-0.07344
73,2026-08-18T10:59:49.854520,LTZ1834,LTZ1834,"Stoke Newington, Common",1,490014603U,1091,5455.0,51.53285,-0.10717
73,2026-08-18T10:59:49.854520,LTZ1322,LTZ1322,"Stoke Newington, Common",1,490003569N1,1620,8100.0,51.54704,-0.08691
73,2026-08-18T10:59:49.854520,LTZ1840,LTZ1840,"Stoke Newington, Common",1,490003003N,1383,6915.0,51.56062,-0.0835
73,2026-08-18T10:59:49.854520,LTZ1824,LTZ1824,"Stoke Newington, Common",1,490003591N,211,1055.0,51.55836,-0.08247
73,2026-08-18T10:59:49.854520,LTZ1322,LTZ1322,"Stoke Newington, Common",1,490000078Q,130,650.0,51.5256,-0.13685
73,2026-08-18T10:59:49.854520,LTZ1744,LTZ1744,Oxford Circus,2,490003915S,798,3990.0,51.5498,-0.0869
73,2026-08-18T10:59:49.854520,LTZ1834,LTZ1834,"Stoke Newington, Common",1,490010709N,1278,6390.0,51.53761,-0.10031
73,2026-08-18T10:59:49.854520,LTZ1207,LTZ1207,Oxford Circus,2,490010689KB,1273,6365.0,51.51547,-0.13992
73,2026-08-18T10:59:49.854520,LTZ1515,LTZ1515,Oxford Circus,2,4900020147W,1440,7200.0,51.52522,-0.13671
73,2026-08-18T10:59:49.854520,LTZ1209,LTZ1209,"Stoke Newington, Common",1,490000235V,1697,8485.0,51.51638,-0.13195
73,2026-08-18T10:59:49.854520,LTZ1826,LTZ1826,"Stoke Newington, Common",1,490000235V,1305,6525.0,51.51638,-0.13195
73,2026-08-18T10:59:49.854520,LTZ1824,LTZ1824,"Stoke Newington, Common",1,490005312N,459,2295.0,51.56233,-0.07369
73,2026-08-18T10:59:49.854520,LTZ1212,LTZ1212,"Stoke Newington, Common",1,490008515C,1654,8270.0,51.53622,-0.10243
73,2026-08-18T10:59:49.854520,LTZ1844,LTZ1844,Oxford Circus,2,490000078P,138,690.0,51.52569,-0.13534
73,2026-08-18T10:59:49.854520,LTZ1322,LTZ1322,"Stoke Newington, Common",1,490015396NK,1788,8940.0,51.55169,-0.08572
73,2026-08-18T10:59:49.854520,LTZ1322,LTZ1322,"Stoke Newington, Common",1,490000252X,20,100.0,51.52411,-0.13765
73,2026-08-18T10:59:49.854520,LTZ1322,LTZ1322,"Stoke Newington, Common",1,490000077D,357,1785.0,51.52772,-0.13231
73,2026-08-18T10:59:49.854520,LTZ1526,LTZ1526,Oxford Circus,2,490010326S,588,2940.0,51.54351,-0.09052
73,2026-08-18T10:59:49.854520,LTZ1526,LTZ1526,Oxford Circus,2,490019676NB,225,1125.0,51.55248,-0.08518
73,2026-08-18T10:59:49.854520,LTZ1212,LTZ1212,"Stoke Newington, Common",1,490010709N,1704,8520.0,51.53761,-0.10031
73,2026-08-18T10:59:49.854520,LTZ1326,LTZ1326,"Stoke Newington, Common",1,490003569N1,638,3190.0,51.54704,-0.08691
73,2026-08-18T10:59:49.854520,LTZ1515,LTZ1515,Oxford Circus,2,490000007R,483,2415.0,51.53178,-0.10776
73,2026-08-18T10:59:49.854520,LTZ1207,LTZ1207,Oxford Circus,2,490002121ZT,758,3790.0,51.52257,-0.13608
73,2026-08-18T10:59:49.854520,LTZ1529,LTZ1529,Oxford Circus,2,490012840W2,823,4115.0,51.56118,-0.08293
73,2026-08-18T10:59:49.854520,LTZ1491,LTZ1491,"Stoke Newington, Common",1,490000078Q,795,3975.0,51.5256,-0.13685
73,2026-08-18T10:59:49.854520,LTZ1824,LTZ1824,"Stoke Newington, Common",1,490004202E,384,1920.0,51.56226,-0.07828
73,2026-08-18T10:59:49.854520,LTZ1531,LTZ1531,"Stoke Newington, Common",1,490014699W,829,4145.0,51.56208,-0.07458
73,2026-08-18T10:59:49.854520,LTZ1830,LTZ1830,Oxford Circus,2,490010326S,1763,8815.0,51.54351,-0.09052
73,2026-08-18T10:59:49.854520,LTZ1813,LTZ1813,Oxford Circus,2,490000077H,262,1310.0,51.52651,-0.13289
73,2026-08-18T10:59:49.854520,LTZ1818,LTZ1818,Oxford Circus,2,490019676NB,1839,9195.0,51.55248,-0.08518
73,2026-08-18T10:59:49.854520,LTZ1818,LTZ1818,Oxford Circus,2,490005432S2,1736,8680.0,51.55637,-0.08394
73,2026-08-18T10:59:49.854520,LTZ1834,LTZ1834,"Stoke Newington, Common",1,490010928E,995,4975.0,51.53164,-0.11175
73,2026-08-18T10:59:49.854520,LTZ1830,LTZ1830,Oxford Circus,2,490003569S2,1631,8155.0,51.54721,-0.08663
73,2026-08-18T10:59:49.854520,LTZ1531,LTZ1531,"Stoke Newington, Common",1,490012837J,861,4305.0,51.56205,-0.06855
73,2026-08-18T10:59:49.854520,LTZ1834,LTZ1834,"Stoke Newington, Common",1,490000078Q,311,1555.0,51.5256,-0.13685
73,2026-08-18T10:59:49.854520,LTZ1322,LTZ1322,"Stoke Newington, Common",1,490003915N,1733,8665.0,51.54966,-0.08716
73,2026-08-18T10:59:49.854520,LTZ1515,LTZ1515,Oxford Circus,2,490005084Z,1683,8415.0,51.52059,-0.13423
73,2026-08-18T10:59:49.854520,LTZ1326,LTZ1326,"Stoke Newington, Common",1,490014603U,37,185.0,51.53285,-0.10717
73,2026-08-18T10:59:49.854520,LTZ1212,LTZ1212,"Stoke Newington, Common",1,490001103N1,1839,9195.0,51.54005,-0.09694
73,2026-08-18T10:59:49.854520,LTZ1526,LTZ1526,Oxford Circus,2,490001172X,1476,7380.0,51.53084,-0.12052
73,2026-08-18T10:59:49.854520,LTZ1830,LTZ1830,Oxford Circus,2,490014699V,1045,5225.0,51.56205,-0.07547
73,2026-08-18T10:59:49.854520,LTZ1840,LTZ1840,"Stoke Newington, Common",1,490010427D,1676,8380.0,51.56297,-0.07187
73,2026-08-18T10:59:49.854520,LTZ1212,LTZ1212,"Stoke Newington, Common",1,490000007X,1567,7835.0,51.53396,-0.10558
73,2026-08-18T10:59:49.854520,LTZ1744,LTZ1744,Oxford Circus,2,490001103S1,1121,5605.0,51.5409,-0.09529
73,2026-08-18T10:59:49.854520,LTZ1526,LTZ1526,Oxford Circus,2,490005816E,798,3990.0,51.53821,-0.09938
73,2026-08-18T10:59:49.854520,LTZ1209,LTZ1209,"Stoke Newington, Common",1,490010689OJ,1439,7195.0,51.51567,-0.13905
